pmc,repoIDcount
PMC2867830,1
PMC3013661,1
PMC4396786,12
PMC5142417,8
PMC4937301,2
PMC4450998,3
PMC5577775,7
PMC4674864,8
PMC5418765,7
PMC4383935,19
PMC3622629,1
PMC2824677,2
PMC5001599,10
PMC4053729,4
PMC2784327,1
PMC4643905,2
PMC4915045,10
PMC3371851,1
PMC3526318,1
PMC4304221,1
PMC5563063,6
PMC4441069,2
PMC5389087,1
PMC3148209,3
PMC3152357,4
PMC3148209,3
PMC3152357,4
PMC4197822,2
PMC4671222,1
PMC4538813,2
PMC5490196,1
PMC5520322,2
PMC5587753,3
PMC4074385,4
PMC4583175,3
PMC5395770,6
PMC3542080,1
PMC3998131,1
PMC4429496,2
PMC3245037,4
PMC3358658,1
PMC3413113,3
PMC3488205,1
PMC3965073,2
PMC3585383,3
PMC4227762,1
PMC4331710,25
PMC4702886,3
PMC4556696,4
PMC4955262,3
PMC4331710,25
PMC4666377,1
PMC3919575,1
PMC4341063,1
PMC3491369,7
PMC4195885,2
PMC4702886,3
PMC3446317,2
PMC4714477,7
PMC4333369,3
PMC4331710,25
PMC4583175,3
PMC5395770,6
PMC4414376,15
PMC3531187,4
PMC3965037,2
PMC4156652,3
PMC4708002,3
PMC4333248,2
PMC4652746,5
PMC4652904,5
PMC5374687,2
PMC3965037,2
PMC4538813,2
PMC5496257,9
PMC5496257,9
PMC4223161,1
PMC4262987,2
PMC4558774,6
PMC5488378,1
PMC4328970,3
PMC4413995,1
PMC4618149,4
PMC4574606,2
PMC5607848,1
PMC4795618,1
PMC4589466,2
PMC4715349,1
PMC5009668,1
PMC5135796,4
PMC5009736,2
PMC5025152,1
PMC5085092,1
PMC4073507,1
PMC4542784,3
PMC4581417,3
PMC5435966,6
PMC5577775,7
PMC4355351,1
PMC5496257,9
PMC4888531,1
PMC5036307,5
PMC4731918,2
PMC5036307,5
PMC4731918,2
PMC5036307,5
PMC2896157,3
PMC3534618,14
PMC4459677,9
PMC4545859,9
PMC4545859,9
PMC4545859,9
PMC4229885,1
PMC3592443,12
PMC3627565,5
PMC4248469,2
PMC5351550,2
PMC5382505,8
PMC4449525,2
PMC4005667,3
PMC4901439,6
PMC5625713,37
PMC5625713,37
PMC4053845,2
PMC4864936,4
PMC4699355,30
PMC4053845,2
PMC4864936,4
PMC5399794,11
PMC5482724,29
PMC5600148,1
PMC5359991,10
PMC5557537,3
PMC5482724,29
PMC5482724,29
PMC5482724,29
PMC5408799,1
PMC5572715,7
PMC5217437,2
PMC4511438,5
PMC4511438,5
PMC4511438,5
PMC4511438,5
PMC4687280,29
PMC4687280,29
PMC4687280,29
PMC4687280,29
PMC4687280,29
PMC4687280,29
PMC4687280,29
PMC4687280,29
PMC4687280,29
PMC4687280,29
PMC4687280,29
PMC4687280,29
PMC4687280,29
PMC4687280,29
PMC4687280,29
PMC4687280,29
PMC4687280,29
PMC4687280,29
PMC5399794,11
PMC3856593,3
PMC5399794,11
PMC3521385,8
PMC3413113,3
PMC3783187,11
PMC4603299,3
PMC4666360,3
PMC3783187,11
PMC4603299,3
PMC3783187,11
PMC4603299,3
PMC4408588,1
PMC4535825,1
PMC5588707,4
PMC3091736,3
PMC2647740,1
PMC2837036,7
PMC3002314,2
PMC4490614,5
PMC4303261,2
PMC4788919,1
PMC4882793,1
PMC4970803,2
PMC5449641,1
PMC2323223,33
PMC2543031,16
PMC5259837,8
PMC1913542,36
PMC1913542,36
PMC2629779,13
PMC1853114,1
PMC2648756,17
PMC1913542,36
PMC1808492,4
PMC3197658,2
PMC3500266,5
PMC2673422,6
PMC2910047,9
PMC3382436,17
PMC3599560,5
PMC3382436,17
PMC3599560,5
PMC1913542,36
PMC3382436,17
PMC2648756,17
PMC3382436,17
PMC2910047,9
PMC5259837,8
PMC2648756,17
PMC1913542,36
PMC2323223,33
PMC3382436,17
PMC2648756,17
PMC3051324,13
PMC3352041,1
PMC3382436,17
PMC2967746,6
PMC3276504,3
PMC4407080,1
PMC2967746,6
PMC3997969,10
PMC3856609,16
PMC1586028,14
PMC3382436,17
PMC3113587,7
PMC3113587,7
PMC3568067,2
PMC5259837,8
PMC2910047,9
PMC3315310,2
PMC3116899,11
PMC3014979,2
PMC3022631,11
PMC3022631,11
PMC3851836,1
PMC3091736,3
PMC3116899,11
PMC3382436,17
PMC3116899,11
PMC3382436,17
PMC3902919,4
PMC3382436,17
PMC548129,1
PMC3022631,11
PMC3403121,2
PMC1635568,3
PMC3024860,4
PMC4016313,1
PMC2889936,3
PMC2973961,2
PMC2877722,1
PMC3128037,1
PMC3113587,7
PMC3599560,5
PMC4992252,5
PMC4992252,5
PMC2582597,3
PMC3276504,3
PMC2967746,6
PMC2764428,5
PMC2653464,3
PMC3091509,1
PMC1913542,36
PMC2543031,16
PMC2366062,3
PMC3116899,11
PMC4489258,1
PMC2673422,6
PMC3022631,11
PMC3382436,17
PMC1586028,14
PMC2543031,16
PMC3051324,13
PMC5237319,20
PMC3737526,3
PMC5237319,20
PMC4331925,8
PMC3386155,5
PMC4196045,3
PMC3856609,16
PMC4992252,5
PMC5259837,8
PMC3997969,10
PMC5124285,3
PMC5259837,8
PMC2323223,33
PMC2743671,5
PMC2681066,9
PMC1586028,14
PMC2543031,16
PMC1544358,1
PMC1831790,1
PMC4804474,5
PMC1409797,2
PMC1913542,36
PMC2745391,4
PMC3400575,7
PMC3116899,11
PMC1913542,36
PMC2748098,3
PMC5259837,8
PMC2323223,33
PMC2734555,6
PMC3024865,3
PMC2875035,11
PMC3017616,1
PMC1913542,36
PMC1939716,1
PMC2238982,1
PMC1808492,4
PMC2391169,1
PMC2781748,2
PMC2734555,6
PMC2691001,2
PMC2677874,1
PMC3024865,3
PMC2875035,11
PMC2910047,9
PMC3038921,1
PMC3459874,1
PMC3616710,3
PMC4417305,1
PMC4552366,6
PMC2681066,9
PMC3051324,13
PMC2761902,1
PMC2323223,33
PMC2648756,17
PMC2944782,78
PMC2605475,2
PMC2543031,16
PMC3051324,13
PMC4101702,2
PMC2092437,1
PMC2992512,14
PMC2992512,14
PMC3488252,2
PMC3488253,2
PMC1913542,36
PMC3116899,11
PMC4110735,3
PMC3113587,7
PMC2889936,3
PMC2973961,2
PMC3051324,13
PMC2967747,5
PMC3400575,7
PMC1557675,1
PMC1523211,1
PMC1913522,1
PMC2289817,1
PMC2547860,1
PMC2628918,3
PMC2748086,1
PMC2827412,3
PMC3047303,4
PMC3420248,1
PMC4512094,18
PMC4443628,2
PMC4765060,1
PMC5210663,1
PMC4928799,1
PMC5217216,5
PMC5536358,2
PMC3469419,2
PMC3013706,25
PMC2253546,5
PMC4053848,4
PMC4460960,5
PMC5691387,14
PMC3443006,2
PMC3338085,3
PMC3111532,4
PMC3111532,4
PMC4335702,1
PMC4991082,2
PMC2582245,3
PMC2647556,2
PMC2788585,4
PMC3013720,7
PMC3191490,59
PMC3315298,11
PMC3305579,9
PMC3495651,3
PMC3658457,3
PMC3684512,17
PMC3880092,4
PMC4046673,64
PMC3965035,7
PMC4258272,5
PMC4411712,2
PMC4705686,4
PMC4959389,2
PMC5210615,21
PMC5210651,16
PMC4833304,5
PMC5691387,14
PMC5546725,5
PMC5673240,5
PMC5460432,2
PMC4165364,6
PMC3305579,9
PMC4046673,64
PMC1475850,32
PMC3098084,6
PMC4029357,9
PMC5001207,5
PMC5210651,16
PMC5691387,14
PMC4705743,3
PMC4210590,7
PMC3223368,1
PMC2034470,3
PMC2731892,2
PMC4175612,2
PMC4427925,2
PMC4236726,9
PMC5070125,2
PMC5418865,3
PMC5463356,2
PMC4299793,4
PMC4344238,2
PMC4650497,2
PMC4758018,4
PMC5361837,5
PMC5568345,2
PMC3128035,6
PMC4046673,64
PMC4029357,9
PMC2827412,3
PMC3013706,25
PMC4608100,3
PMC5559791,4
PMC2680204,9
PMC3848917,1
PMC3679940,1
PMC5512810,2
PMC5437678,4
PMC2935412,1
PMC3001403,1
PMC3533878,1
PMC4084410,1
PMC4098767,4
PMC4229977,1
PMC4279791,1
PMC3890548,1
PMC5181562,1
PMC4727405,2
PMC4952276,2
PMC4992570,1
PMC4934014,2
PMC4993001,2
PMC5217216,5
PMC463073,2
PMC4086142,1
PMC2823693,6
PMC2680204,9
PMC2895627,1
PMC3091634,3
PMC3224690,8
PMC3118165,1
PMC3579700,10
PMC4035072,3
PMC4331720,4
PMC3013706,25
PMC3640917,3
PMC5094014,1
PMC463073,2
PMC3013706,25
PMC3128035,6
PMC3453505,2
PMC3582595,2
PMC4236814,3
PMC3827844,8
PMC3013706,25
PMC3226198,1
PMC3013706,25
PMC3013706,25
PMC4784276,29
PMC2734321,1
PMC2859126,1
PMC2837031,1
PMC2910028,1
PMC2912304,1
PMC3064796,1
PMC3044310,3
PMC3094239,4
PMC3097161,1
PMC3315722,1
PMC3353834,1
PMC3464663,1
PMC3669619,1
PMC3680968,1
PMC3630213,1
PMC4002922,1
PMC3933069,2
PMC4028082,1
PMC4029093,1
PMC4459672,1
PMC4465016,1
PMC4359483,2
PMC4978931,1
PMC5069997,1
PMC4832472,3
PMC4858868,1
PMC4934014,2
PMC5389681,7
PMC5217216,5
PMC3013706,25
PMC3013706,25
PMC4625461,11
PMC3013720,7
PMC3575264,1
PMC2266913,1
PMC3019180,7
PMC3042180,4
PMC3315298,11
PMC5210615,21
PMC5673240,5
PMC3091705,3
PMC3499383,30
PMC3658956,3
PMC2633351,3
PMC2257943,10
PMC3013706,25
PMC2612026,2
PMC4051173,2
PMC2738690,2
PMC3239847,2
PMC2592712,4
PMC3479210,3
PMC2698874,7
PMC5210615,21
PMC4448272,3
PMC2748096,62
PMC545604,1
PMC555536,15
PMC1243798,2
PMC1458965,4
PMC2034470,3
PMC2528163,1
PMC3013706,25
PMC4797310,3
PMC4120146,1
PMC4248812,1
PMC4625728,23
PMC4787746,2
PMC5237151,12
PMC5310278,10
PMC2588606,2
PMC3226191,12
PMC2703656,4
PMC3226191,12
PMC2785841,2
PMC2792231,2
PMC3013706,25
PMC2265266,1
PMC2761903,16
PMC2680416,3
PMC2788367,16
PMC2709591,4
PMC3013720,7
PMC2845644,5
PMC3128035,6
PMC3178546,16
PMC3315298,11
PMC3116899,11
PMC3443452,11
PMC3568420,10
PMC3305579,9
PMC3580496,11
PMC3510512,5
PMC3431293,36
PMC3684512,17
PMC3582436,1
PMC3880092,4
PMC4046673,64
PMC3827844,8
PMC3965035,7
PMC4248814,2
PMC4213475,8
PMC4236726,9
PMC4411712,2
PMC4547404,2
PMC4552366,6
PMC4674888,2
PMC4702927,4
PMC4705686,4
PMC5035472,2
PMC5088520,1
PMC5009532,7
PMC4784276,29
PMC5210615,21
PMC5210651,16
PMC4742280,6
PMC5264486,15
PMC5485588,15
PMC5310278,10
PMC5604164,2
PMC4046673,64
PMC3965035,7
PMC4705686,4
PMC5210615,21
PMC5210651,16
PMC5310278,10
PMC2569068,2
PMC3292584,2
PMC2034470,3
PMC2848243,3
PMC3495648,2
PMC3999959,1
PMC2876127,2
PMC4144122,6
PMC4046673,64
PMC4784276,29
PMC2582245,3
PMC2775754,3
PMC3087353,2
PMC3965035,7
PMC5210615,21
PMC5219701,10
PMC3965035,7
PMC5210615,21
PMC5691387,14
PMC4344806,2
PMC4812617,2
PMC4167152,2
PMC4046673,64
PMC4784276,29
PMC5485588,15
PMC4331720,4
PMC5691387,14
PMC4647676,4
PMC4307189,4
PMC5210651,16
PMC2790875,2
PMC3878494,2
PMC4046673,64
PMC5691387,14
PMC4787833,1
PMC4046673,64
PMC4496889,2
PMC4236726,9
PMC4784276,29
PMC3049149,8
PMC3751779,8
PMC4046673,64
PMC4057599,2
PMC3475006,5
PMC3024860,4
PMC3443452,11
PMC4784276,29
PMC5210651,16
PMC2864246,2
PMC3582450,5
PMC3575819,3
PMC3305579,9
PMC4046673,64
PMC4460960,5
PMC4029357,9
PMC2853126,6
PMC3052188,4
PMC3458527,3
PMC4029357,9
PMC4784276,29
PMC4046673,64
PMC3013706,25
PMC2996996,2
PMC3827844,8
PMC4833304,5
PMC3333852,7
PMC1994960,11
PMC2761903,16
PMC2788367,16
PMC2845644,5
PMC2944782,78
PMC3042180,4
PMC3236842,2
PMC3049149,8
PMC3116899,11
PMC4236726,9
PMC3580496,11
PMC4636840,1
PMC2788367,16
PMC1913542,36
PMC1994960,11
PMC2639278,1
PMC2543031,16
PMC2268240,1
PMC2711946,2
PMC2761903,16
PMC2788367,16
PMC2691001,2
PMC3024860,4
PMC2982694,3
PMC2945786,1
PMC2910047,9
PMC3013804,10
PMC2845644,5
PMC3236842,2
PMC3052188,4
PMC3178546,16
PMC3315298,11
PMC3111532,4
PMC3116899,11
PMC3288749,1
PMC3439679,8
PMC3443452,11
PMC3568420,10
PMC3305579,9
PMC3580496,11
PMC3658457,3
PMC3584913,2
PMC3848857,2
PMC3851181,4
PMC4046673,64
PMC3827844,8
PMC4029357,9
PMC3965035,7
PMC4236726,9
PMC4552366,6
PMC4652780,2
PMC4705686,4
PMC5073942,2
PMC4875653,1
PMC5009532,7
PMC4784276,29
PMC5210615,21
PMC4742280,6
PMC5310278,10
PMC3377934,2
PMC2788367,16
PMC3439679,8
PMC3305579,9
PMC3851181,4
PMC507879,1
PMC1676023,1
PMC1891113,1
PMC2099488,2
PMC2265442,1
PMC1821332,2
PMC2279123,1
PMC2788384,1
PMC2810306,3
PMC2714305,1
PMC3045585,1
PMC3123201,6
PMC3141262,2
PMC3207936,3
PMC3535701,3
PMC3479160,1
PMC3879217,1
PMC3884118,1
PMC4007703,1
PMC3763994,2
PMC4080742,2
PMC3933069,2
PMC4041997,2
PMC4129116,1
PMC4490644,12
PMC4714473,1
PMC4865098,2
PMC5013568,3
PMC5131501,2
PMC5217216,5
PMC5568196,1
PMC2760582,1
PMC4490644,12
PMC549396,1
PMC1821332,2
PMC1874603,2
PMC1950550,1
PMC2395256,2
PMC2447752,1
PMC2670324,4
PMC2836575,1
PMC2919721,1
PMC2791203,1
PMC3105397,1
PMC3141262,2
PMC3141273,1
PMC3371846,1
PMC3295715,2
PMC3458570,1
PMC3765618,1
PMC3616743,2
PMC3905875,3
PMC3763994,2
PMC3898003,2
PMC3898078,2
PMC4085541,2
PMC4490644,12
PMC4492009,2
PMC4687084,1
PMC4551916,4
PMC4784275,1
PMC4864925,2
PMC5159533,2
PMC5686903,2
PMC5217216,5
PMC3178621,1
PMC4490644,12
PMC4490644,12
PMC4551732,6
PMC4551732,6
PMC3439971,4
PMC3394341,13
PMC3401431,1
PMC2820675,6
PMC2679020,1
PMC3042180,4
PMC3049149,8
PMC3049149,8
PMC2745680,9
PMC2770656,1
PMC2831002,28
PMC2949900,26
PMC3236847,23
PMC3443452,11
PMC3568420,10
PMC4147902,12
PMC4739640,10
PMC4895785,4
PMC5568075,6
PMC5237151,12
PMC3091721,1
PMC3424966,4
PMC2614496,1
PMC3431293,36
PMC3645958,6
PMC4083401,7
PMC5480187,2
PMC2996977,1
PMC2978361,3
PMC3262844,1
PMC3306746,4
PMC3548698,1
PMC3553984,5
PMC4131762,4
PMC4086105,3
PMC4267662,1
PMC4557482,2
PMC4702768,1
PMC4702811,8
PMC4756855,8
PMC4977763,6
PMC4914117,7
PMC5416769,3
PMC2787624,2
PMC4674855,14
PMC5117530,5
PMC5096314,9
PMC3820164,6
PMC3971351,10
PMC4330344,5
PMC4856318,5
PMC2823708,1
PMC3098084,6
PMC2872883,2
PMC2944782,78
PMC5364645,3
PMC3224690,8
PMC3616870,9
PMC2784322,4
PMC2926781,3
PMC3037905,1
PMC3170308,1
PMC3125784,1
PMC3580500,2
PMC3431293,36
PMC2978222,14
PMC4229886,5
PMC3378883,2
PMC4739640,10
PMC4512094,18
PMC4234063,2
PMC2831002,28
PMC3608085,4
PMC3273790,1
PMC3997969,10
PMC4547403,8
PMC4536608,5
PMC5038951,6
PMC3098101,1
PMC4055564,2
PMC3159465,16
PMC3575836,2
PMC4471934,6
PMC5001207,5
PMC4674855,14
PMC3632110,7
PMC3431293,36
PMC4081075,13
PMC4566848,9
PMC3125740,1
PMC5124223,7
PMC3751779,8
PMC2797084,2
PMC2430022,1
PMC3441405,8
PMC2708354,2
PMC3159465,16
PMC3521227,11
PMC5427619,24
PMC3616870,9
PMC3697991,3
PMC4833304,5
PMC3626856,5
PMC5096314,9
PMC3439921,3
PMC3159465,16
PMC4345017,3
PMC4489260,6
PMC4739640,10
PMC2734555,6
PMC2863163,8
PMC2892466,4
PMC2895626,5
PMC3073183,10
PMC3113938,3
PMC3180392,2
PMC3224118,16
PMC3245512,1
PMC3377939,1
PMC3128864,3
PMC3314566,10
PMC3348047,3
PMC3436770,6
PMC3848894,6
PMC3848818,6
PMC3961800,9
PMC4197225,9
PMC4769543,6
PMC3431293,36
PMC3535709,1
PMC4053938,9
PMC2893168,4
PMC3213685,11
PMC3794608,4
PMC4512094,18
PMC3348047,3
PMC4857427,6
PMC5131449,3
PMC5615262,4
PMC3721986,8
PMC4650296,26
PMC3510512,5
PMC3684512,17
PMC3783169,5
PMC4480927,3
PMC4578944,5
PMC2194797,1
PMC2225425,1
PMC2620272,37
PMC2395252,3
PMC2788367,16
PMC2687790,1
PMC2718516,4
PMC2875241,5
PMC2884167,4
PMC2885367,1
PMC3097162,4
PMC3278837,2
PMC3073923,12
PMC3178546,16
PMC3089487,1
PMC3203610,4
PMC3111532,4
PMC3424966,4
PMC3575404,1
PMC3460789,10
PMC3367180,7
PMC3439920,4
PMC4054099,3
PMC3575819,3
PMC4303952,1
PMC4086105,3
PMC4552366,6
PMC4659237,15
PMC4334405,4
PMC4702811,8
PMC4977763,6
PMC4714944,1
PMC5336648,4
PMC3848764,3
PMC3794608,4
PMC3012675,4
PMC3439967,4
PMC3928520,2
PMC4066761,7
PMC4674855,14
PMC4578944,5
PMC3562514,6
PMC4982312,7
PMC3044308,1
PMC3258143,2
PMC3333890,7
PMC3406964,7
PMC3384348,1
PMC3684512,17
PMC3599357,7
PMC3679908,3
PMC4053938,9
PMC3575808,8
PMC3950686,1
PMC3837635,2
PMC4302108,16
PMC4082612,5
PMC4378318,8
PMC4165360,5
PMC3568067,2
PMC4618947,31
PMC5009757,6
PMC5427619,24
PMC3283321,2
PMC2846907,1
PMC3072547,1
PMC3141417,3
PMC4856978,19
PMC3225826,8
PMC3223864,16
PMC2533120,3
PMC1784107,2
PMC1929143,2
PMC2865519,9
PMC3971351,10
PMC4249615,3
PMC4354765,1
PMC2825236,12
PMC3159465,16
PMC3597655,6
PMC3684512,17
PMC4302108,16
PMC4086064,6
PMC3499383,30
PMC3610166,1
PMC3684512,17
PMC4546048,7
PMC4856985,5
PMC3431293,36
PMC4561473,10
PMC4303935,3
PMC3439679,8
PMC3877965,6
PMC3843544,3
PMC4029366,3
PMC4499117,3
PMC2810663,2
PMC2965384,3
PMC4148184,2
PMC3439967,4
PMC5264486,15
PMC3961800,9
PMC4769543,6
PMC5345243,26
PMC4856984,2
PMC4081075,13
PMC4566848,9
PMC5210615,21
PMC3208247,5
PMC4137096,11
PMC4156652,3
PMC3082249,3
PMC3177187,3
PMC3333890,7
PMC3406964,7
PMC3413115,7
PMC3610271,3
PMC4053938,9
PMC4378318,8
PMC4086064,6
PMC4227138,7
PMC3276653,1
PMC4746802,5
PMC3971351,10
PMC4376348,6
PMC4330344,5
PMC4856318,5
PMC3930817,1
PMC3431293,36
PMC4290621,4
PMC3159465,16
PMC4884362,3
PMC3510495,5
PMC3491371,5
PMC2827410,1
PMC3597655,6
PMC3278837,2
PMC2949900,26
PMC4256903,3
PMC2944139,3
PMC3599307,2
PMC2838848,2
PMC3245948,1
PMC3203619,12
PMC3367180,7
PMC3652793,4
PMC3412164,14
PMC4377852,12
PMC3180389,4
PMC4064318,4
PMC3420919,5
PMC3769146,4
PMC3575792,2
PMC4005682,8
PMC4132698,4
PMC2944782,78
PMC3443069,21
PMC3583189,2
PMC4046673,64
PMC4256903,3
PMC4618947,31
PMC4914126,20
PMC5427619,24
PMC2997009,10
PMC3608085,4
PMC4634733,1
PMC4712512,1
PMC3308032,5
PMC3431293,36
PMC3777929,2
PMC3427045,5
PMC3682895,14
PMC4373061,10
PMC2707382,2
PMC2780461,2
PMC2728531,1
PMC2875035,11
PMC3223864,16
PMC3118215,3
PMC3203619,12
PMC4236453,19
PMC4460584,2
PMC4330344,5
PMC4702803,14
PMC5133487,3
PMC4856318,5
PMC4489288,2
PMC4052286,2
PMC4137096,11
PMC2896198,1
PMC3125730,20
PMC3481433,2
PMC3446318,13
PMC3645958,6
PMC3751090,24
PMC3737526,3
PMC3919606,3
PMC4269079,6
PMC4642938,8
PMC4884357,1
PMC2875020,1
PMC4053982,4
PMC3152357,4
PMC3191490,59
PMC3581797,12
PMC4460634,6
PMC4546048,7
PMC5237151,12
PMC5001582,2
PMC3112146,2
PMC3597673,8
PMC3575792,2
PMC4132698,4
PMC3973313,3
PMC4132755,2
PMC4908337,5
PMC2944782,78
PMC2831844,2
PMC3446278,10
PMC4619324,3
PMC4784276,29
PMC5291264,4
PMC4168981,7
PMC3298476,2
PMC2761903,16
PMC4046673,64
PMC4340671,2
PMC3620544,3
PMC4287496,3
PMC4373061,10
PMC4964316,2
PMC2823686,1
PMC3837635,2
PMC3403611,2
PMC2967563,1
PMC2943622,12
PMC2944782,78
PMC2717951,45
PMC2717951,45
PMC3203354,24
PMC4144122,6
PMC4262117,33
PMC3616870,9
PMC4035072,3
PMC3853211,1
PMC4029569,3
PMC3237928,2
PMC3412164,14
PMC3431293,36
PMC3847874,2
PMC3581797,12
PMC4141116,4
PMC4261523,3
PMC4377852,12
PMC5481992,2
PMC3632110,7
PMC3521215,5
PMC3506907,2
PMC4196045,3
PMC4168981,7
PMC4965733,10
PMC2978365,3
PMC4347618,2
PMC4347619,2
PMC4376348,6
PMC4330344,5
PMC4702803,14
PMC4856318,5
PMC3734169,6
PMC5112689,2
PMC4869178,19
PMC4373061,10
PMC4046763,7
PMC4168981,7
PMC4448317,3
PMC4433130,14
PMC2527336,5
PMC2689196,7
PMC2734555,6
PMC2762059,1
PMC2838864,4
PMC2863163,8
PMC2887810,5
PMC2822536,7
PMC2822537,6
PMC2996978,3
PMC2946304,5
PMC2990745,2
PMC3073183,10
PMC3247082,4
PMC3314566,10
PMC3436770,6
PMC3580410,8
PMC3446278,10
PMC3598775,7
PMC3721986,8
PMC3852209,4
PMC3848818,6
PMC3794588,1
PMC4269079,6
PMC4168973,5
PMC4769543,6
PMC5001235,2
PMC5009750,2
PMC4227138,7
PMC5124223,7
PMC3499383,30
PMC3443069,21
PMC4618947,31
PMC4914126,20
PMC5427619,24
PMC4784276,29
PMC4902951,9
PMC3499383,30
PMC3420919,5
PMC3524312,1
PMC3877965,6
PMC4083401,7
PMC2875241,5
PMC4702803,14
PMC3852103,4
PMC3750472,8
PMC4373061,10
PMC3481433,2
PMC3645958,6
PMC3751090,24
PMC3737526,3
PMC4269079,6
PMC4551945,3
PMC4618947,31
PMC5210615,21
PMC5264486,15
PMC5336655,2
PMC5427619,24
PMC5427619,24
PMC4975902,6
PMC3053262,3
PMC4363349,10
PMC4051163,18
PMC3591264,5
PMC4028079,3
PMC3880044,2
PMC4262117,33
PMC4345017,3
PMC4331711,1
PMC4702803,14
PMC3721986,8
PMC3236847,23
PMC3443069,21
PMC3521215,5
PMC4290683,2
PMC4062047,12
PMC4618947,31
PMC4547403,8
PMC4853852,12
PMC4914126,20
PMC4584010,3
PMC4132753,4
PMC2922198,3
PMC4269079,6
PMC3521227,11
PMC5259853,1
PMC5427619,24
PMC4246458,1
PMC3025565,4
PMC3315713,3
PMC2788368,2
PMC3930826,3
PMC1450310,2
PMC3924405,2
PMC3582489,1
PMC4053733,11
PMC3890500,2
PMC3575819,3
PMC4028873,1
PMC4599317,5
PMC4919894,3
PMC4980791,12
PMC4719699,5
PMC5648503,2
PMC5366155,4
PMC3844597,3
PMC4018771,8
PMC4357728,20
PMC3491416,5
PMC3706752,4
PMC5261565,2
PMC4965733,10
PMC3610271,3
PMC3269833,2
PMC3443452,11
PMC4449974,1
PMC4433130,14
PMC4864913,2
PMC5237151,12
PMC5237151,12
PMC3082249,3
PMC3610271,3
PMC3844401,1
PMC4702803,14
PMC4787753,15
PMC4856961,27
PMC4836068,2
PMC4857420,5
PMC4900897,2
PMC5513182,1
PMC5345243,26
PMC3192815,2
PMC2680807,14
PMC3556652,5
PMC3799430,4
PMC4512094,18
PMC5009532,7
PMC5310278,10
PMC2926781,3
PMC3401470,3
PMC2944782,78
PMC3314564,1
PMC3491423,8
PMC3431293,36
PMC3633028,1
PMC4095004,1
PMC4290621,4
PMC3737560,3
PMC3597546,4
PMC4227755,9
PMC4632369,4
PMC4682396,5
PMC4357735,3
PMC4666378,2
PMC5025614,1
PMC4824118,21
PMC5389550,2
PMC3386155,5
PMC4213475,8
PMC3013750,12
PMC4914117,7
PMC3025572,20
PMC2726785,2
PMC3296574,1
PMC4234997,1
PMC3056741,1
PMC1475850,32
PMC2435556,9
PMC2975422,18
PMC2944782,78
PMC3400575,7
PMC3236847,23
PMC3443069,21
PMC3443452,11
PMC3431293,36
PMC4062047,12
PMC4168981,7
PMC4618947,31
PMC4547403,8
PMC4914126,20
PMC5210615,21
PMC3568710,6
PMC3209474,2
PMC3556494,1
PMC3203610,4
PMC3751341,3
PMC4357728,20
PMC2944782,78
PMC3412164,14
PMC3394300,4
PMC3439932,2
PMC3814376,1
PMC5449599,1
PMC2944782,78
PMC4618947,31
PMC5427619,24
PMC3236061,1
PMC3750472,8
PMC4373061,10
PMC3750472,8
PMC4373061,10
PMC3750472,8
PMC4373061,10
PMC3750472,8
PMC4373061,10
PMC5240434,6
PMC3680018,9
PMC3680018,9
PMC3129592,3
PMC3685601,1
PMC3394341,13
PMC3491412,12
PMC3458527,3
PMC3734162,2
PMC4702803,14
PMC3534338,2
PMC3427045,5
PMC3682895,14
PMC3427045,5
PMC3750472,8
PMC4373061,10
PMC4836190,3
PMC4784276,29
PMC4608100,3
PMC2833160,2
PMC3439920,4
PMC4824118,21
PMC2833160,2
PMC5046977,11
PMC4147902,12
PMC5424422,2
PMC3491371,5
PMC3237928,2
PMC3446278,10
PMC4261523,3
PMC4377852,12
PMC2926781,3
PMC3446318,13
PMC4895727,2
PMC4049504,5
PMC3333181,2
PMC3521209,1
PMC4448317,3
PMC3568710,6
PMC3431293,36
PMC3890500,2
PMC4082612,5
PMC4165360,5
PMC3626856,5
PMC3721986,8
PMC3431293,36
PMC3749952,26
PMC4258300,3
PMC3663113,5
PMC3597655,6
PMC4177668,5
PMC4512094,18
PMC3025572,20
PMC4066761,7
PMC5154163,10
PMC4375924,2
PMC4815201,3
PMC5100587,2
PMC3495651,3
PMC2958743,4
PMC3439884,1
PMC2944782,78
PMC3132170,1
PMC3460730,3
PMC3479194,1
PMC3320577,1
PMC3643598,2
PMC3737527,1
PMC4443654,3
PMC4574526,17
PMC4774023,3
PMC5387268,2
PMC4158063,2
PMC3798758,3
PMC5324221,5
PMC4082612,5
PMC4165360,5
PMC4546048,7
PMC5237151,12
PMC3616870,9
PMC2853524,1
PMC3223864,16
PMC3224234,5
PMC3521215,5
PMC4877997,14
PMC4784276,29
PMC4902951,9
PMC3909937,2
PMC4046673,64
PMC5288875,3
PMC3333884,7
PMC4347619,2
PMC2944782,78
PMC2717951,45
PMC2944782,78
PMC3219569,3
PMC4374500,4
PMC5374559,5
PMC5499583,7
PMC2965384,3
PMC4869178,19
PMC3491371,5
PMC3431293,36
PMC3645958,6
PMC3997969,10
PMC4618947,31
PMC4674855,14
PMC5001231,2
PMC4914126,20
PMC4342825,19
PMC3431293,36
PMC3651355,1
PMC4234496,1
PMC3964976,12
PMC4636788,1
PMC4574526,17
PMC3329404,1
PMC3620544,3
PMC4340671,2
PMC3037900,5
PMC2944782,78
PMC4331715,3
PMC2717951,45
PMC5001247,1
PMC3837470,3
PMC3159465,16
PMC4147902,12
PMC3997969,10
PMC4083401,7
PMC4618947,31
PMC4674855,14
PMC4547403,8
PMC4914126,20
PMC5427619,24
PMC5701423,3
PMC4853861,5
PMC2831002,28
PMC4551916,4
PMC3616870,9
PMC4566848,9
PMC3499383,30
PMC4164741,3
PMC3936722,3
PMC3562514,6
PMC4165371,4
PMC3132168,4
PMC3874198,2
PMC4176189,4
PMC2945940,38
PMC4290387,3
PMC4559919,6
PMC4857002,3
PMC5499851,3
PMC4053776,4
PMC4512094,18
PMC5640951,19
PMC3426489,5
PMC3516532,13
PMC4051169,1
PMC4227138,7
PMC2978365,3
PMC3532182,3
PMC4053733,11
PMC3599607,1
PMC4054831,4
PMC4026834,1
PMC4392865,9
PMC4497424,2
PMC4600256,1
PMC4928286,12
PMC4618947,31
PMC4914126,20
PMC5336655,2
PMC5427619,24
PMC3351155,5
PMC4053776,4
PMC3965058,3
PMC3649990,1
PMC3836703,3
PMC4165906,3
PMC4147902,12
PMC4674855,14
PMC4864913,2
PMC4895785,4
PMC4975902,6
PMC5159538,2
PMC5038951,6
PMC4784276,29
PMC4902951,9
PMC3749952,26
PMC4245730,1
PMC3333852,7
PMC3553984,5
PMC2822754,3
PMC3089475,2
PMC3460789,10
PMC2944782,78
PMC2865505,2
PMC3252274,3
PMC1929138,4
PMC2822536,7
PMC4512094,18
PMC3753644,4
PMC3616740,2
PMC2620272,37
PMC2718516,4
PMC2677891,8
PMC3180392,2
PMC4053733,11
PMC4840974,5
PMC4046673,64
PMC4618947,31
PMC5427619,24
PMC4062052,2
PMC5638208,2
PMC3113938,3
PMC3443057,1
PMC4197225,9
PMC4240891,5
PMC5640951,19
PMC3300008,11
PMC4053810,2
PMC4053864,11
PMC4240891,5
PMC4046673,64
PMC4618947,31
PMC4914126,20
PMC5427619,24
PMC5640951,19
PMC5389674,9
PMC5435931,4
PMC2064937,1
PMC2553442,5
PMC2335306,3
PMC2364634,6
PMC2863163,8
PMC2887810,5
PMC2892466,4
PMC2895626,5
PMC2946304,5
PMC3073183,10
PMC3113938,3
PMC3224118,16
PMC3238181,2
PMC3314566,10
PMC3436770,6
PMC3481447,1
PMC3446278,10
PMC3549822,2
PMC3614553,4
PMC3848894,6
PMC3703268,4
PMC3852209,4
PMC3848818,6
PMC3663086,2
PMC3961800,9
PMC3581797,12
PMC4197225,9
PMC4474423,3
PMC4433130,14
PMC4769543,6
PMC4895817,2
PMC5073942,2
PMC5104320,7
PMC5629553,4
PMC4068973,5
PMC3125730,20
PMC3245920,11
PMC4512094,18
PMC4902951,9
PMC3534601,2
PMC5210615,21
PMC3394341,13
PMC3019229,4
PMC3125759,2
PMC3597654,3
PMC4320513,2
PMC3315303,5
PMC3406964,7
PMC3413115,7
PMC3905897,3
PMC3458521,7
PMC3843544,3
PMC5547545,3
PMC3874207,5
PMC4258272,5
PMC4856961,27
PMC3866260,3
PMC4374500,4
PMC5594519,10
PMC3562514,6
PMC3490713,3
PMC3351155,5
PMC3458521,7
PMC3848857,2
PMC4650296,26
PMC4849722,3
PMC3208247,5
PMC3475006,5
PMC3753644,4
PMC3997969,10
PMC4137096,11
PMC4559909,6
PMC3475006,5
PMC3844490,6
PMC4008360,5
PMC3852103,4
PMC3753644,4
PMC4872073,1
PMC3245920,11
PMC2248562,2
PMC2335306,3
PMC2665050,1
PMC2745680,9
PMC2788585,4
PMC2810306,3
PMC2928207,1
PMC2902438,3
PMC3203354,24
PMC3223864,16
PMC3073923,12
PMC3287484,2
PMC3412164,14
PMC3580496,11
PMC3479185,4
PMC3645958,6
PMC3826595,7
PMC4158620,1
PMC4246436,4
PMC4339678,2
PMC4702927,4
PMC4784276,29
PMC5041471,4
PMC4895727,2
PMC4456708,2
PMC5416769,3
PMC4977876,2
PMC3245920,11
PMC4302108,16
PMC3141272,2
PMC3637832,2
PMC3899927,1
PMC4618947,31
PMC4914126,20
PMC5427619,24
PMC3203354,24
PMC3682895,14
PMC3599357,7
PMC4905609,2
PMC5133487,3
PMC4302108,16
PMC4334403,5
PMC2944782,78
PMC5397178,2
PMC3469419,2
PMC3431293,36
PMC4054674,1
PMC3431293,36
PMC3723500,7
PMC3005310,1
PMC3412749,1
PMC3673811,2
PMC4625461,11
PMC5493069,3
PMC3091702,2
PMC2528195,6
PMC3091643,4
PMC4052286,2
PMC3582450,5
PMC4086127,1
PMC3919606,3
PMC3443660,1
PMC3458521,7
PMC4489260,6
PMC4082612,5
PMC4165360,5
PMC5449593,15
PMC4240891,5
PMC5416844,3
PMC4539887,3
PMC5374636,2
PMC2375028,5
PMC4987914,7
PMC2435556,9
PMC4081075,13
PMC4566848,9
PMC4335788,15
PMC2262071,2
PMC2978222,14
PMC3203354,24
PMC3599513,4
PMC3747860,2
PMC4190348,4
PMC5324221,5
PMC3798758,3
PMC4480911,1
PMC4739640,10
PMC5096314,9
PMC5124223,7
PMC5688663,5
PMC4566848,9
PMC3852103,4
PMC3125730,20
PMC4117791,2
PMC4331715,3
PMC4446127,1
PMC3224118,16
PMC4068973,5
PMC2709262,1
PMC2753889,1
PMC3287503,1
PMC3130287,2
PMC3476434,3
PMC3386155,5
PMC2620272,37
PMC2718516,4
PMC2996925,4
PMC2978353,2
PMC3073923,12
PMC3178546,16
PMC3412164,14
PMC3460789,10
PMC3491412,12
PMC4054099,3
PMC4552366,6
PMC4368751,2
PMC5124285,3
PMC5388418,2
PMC5591525,9
PMC5154163,10
PMC3964976,12
PMC2848541,5
PMC3266878,6
PMC3599357,7
PMC5569477,4
PMC3524317,3
PMC4618947,31
PMC4884362,3
PMC5356398,2
PMC5408923,8
PMC4866742,3
PMC3236847,23
PMC3333884,7
PMC4256829,3
PMC3964976,12
PMC4376348,6
PMC1904248,5
PMC3505159,1
PMC4248814,2
PMC3479210,3
PMC3936722,3
PMC5388394,5
PMC5154163,10
PMC3218661,1
PMC5554409,1
PMC4005682,8
PMC3751779,8
PMC3637798,3
PMC4234469,3
PMC3073923,12
PMC3333884,7
PMC4377852,12
PMC4377852,12
PMC5442873,6
PMC4506483,10
PMC5416886,1
PMC4987914,7
PMC5124223,7
PMC4659237,15
PMC4308895,2
PMC4625869,1
PMC2944782,78
PMC3439971,4
PMC3394341,13
PMC5427619,24
PMC3626856,5
PMC3971351,10
PMC4702803,14
PMC4836068,2
PMC5244546,4
PMC5688663,5
PMC5345243,26
PMC5175345,4
PMC4559919,6
PMC4857002,3
PMC5084341,8
PMC5084341,8
PMC4474423,3
PMC5259956,2
PMC5084341,8
PMC4355475,2
PMC3668197,2
PMC3581797,12
PMC3879661,1
PMC4073502,1
PMC4966569,2
PMC2820675,6
PMC2804686,1
PMC3443452,11
PMC4357728,20
PMC5154105,6
PMC5501949,3
PMC2943622,12
PMC2944782,78
PMC3460777,6
PMC4027199,1
PMC4806451,1
PMC5499579,2
PMC5587775,3
PMC2943622,12
PMC4381047,4
PMC2311292,18
PMC3236847,23
PMC4165360,5
PMC4653947,1
PMC3902941,3
PMC3013750,12
PMC2848541,5
PMC5237282,5
PMC4251037,1
PMC3679970,2
PMC3202273,2
PMC4402510,2
PMC3549800,3
PMC2978222,14
PMC2943622,12
PMC3073183,10
PMC3568420,10
PMC3521227,11
PMC4650296,26
PMC4289351,5
PMC3627582,2
PMC4574526,17
PMC4877997,14
PMC4784276,29
PMC4373061,10
PMC3013750,12
PMC3903047,5
PMC4234469,3
PMC5080714,1
PMC4804564,6
PMC5488362,2
PMC4053723,2
PMC3413115,7
PMC3516532,13
PMC3643598,2
PMC4842274,1
PMC4824118,21
PMC5429578,2
PMC5449593,15
PMC4538818,3
PMC3098073,1
PMC3928520,2
PMC5009724,4
PMC4659237,15
PMC5353968,1
PMC3930826,3
PMC3605061,3
PMC4290694,2
PMC4678722,6
PMC5408923,8
PMC4877997,14
PMC4784276,29
PMC4902951,9
PMC4674855,14
PMC5217208,3
PMC3591264,5
PMC3765721,6
PMC4267611,2
PMC5069797,17
PMC4769831,2
PMC3439921,3
PMC1913926,1
PMC4574526,17
PMC3132168,4
PMC3224118,16
PMC3236847,23
PMC3439967,4
PMC2822536,7
PMC4029357,9
PMC3764016,1
PMC5001207,5
PMC2822536,7
PMC3936758,5
PMC4076981,4
PMC3971345,2
PMC3675495,1
PMC4987876,4
PMC3874207,5
PMC4499120,6
PMC4824118,21
PMC5041455,3
PMC5481992,2
PMC3570387,2
PMC3521175,1
PMC4041454,5
PMC3002903,4
PMC3749952,26
PMC4256903,3
PMC5133487,3
PMC4889937,3
PMC4016583,1
PMC5259824,2
PMC4942116,12
PMC4053849,3
PMC5691387,14
PMC5219701,10
PMC3844490,6
PMC4658802,1
PMC4756407,9
PMC5591525,9
PMC4053950,4
PMC4331710,25
PMC4874011,1
PMC4378318,8
PMC5041456,3
PMC5686814,2
PMC5449593,15
PMC4963954,8
PMC2945940,38
PMC3898825,2
PMC4380107,3
PMC5209853,2
PMC4856961,27
PMC4857427,6
PMC4235196,2
PMC3570216,4
PMC3964976,12
PMC4035062,5
PMC4053864,11
PMC4066752,2
PMC4227755,9
PMC4267652,2
PMC4824118,21
PMC4914103,4
PMC5096314,9
PMC5442873,6
PMC4116484,2
PMC4446265,3
PMC4416174,2
PMC1851713,3
PMC2865494,1
PMC2865499,5
PMC3019180,7
PMC3971351,10
PMC4831157,3
PMC4756407,9
PMC2887810,5
PMC2902438,3
PMC2865519,9
PMC3073183,10
PMC3128864,3
PMC3314566,10
PMC3348047,3
PMC3436770,6
PMC3521227,11
PMC3614553,4
PMC3961800,9
PMC4895817,2
PMC5477283,1
PMC5629553,4
PMC4054784,1
PMC2967749,17
PMC3491412,12
PMC4302108,16
PMC4877997,14
PMC4784276,29
PMC4902951,9
PMC4357735,3
PMC5701423,3
PMC4928286,12
PMC1475850,32
PMC4046690,3
PMC4824072,3
PMC4583191,2
PMC4636836,2
PMC4774106,1
PMC4719699,5
PMC5465565,4
PMC5501949,3
PMC2848242,2
PMC4333416,2
PMC5596466,3
PMC4046690,3
PMC4111849,1
PMC4194418,3
PMC5069797,17
PMC4714477,7
PMC5193323,6
PMC2257939,25
PMC4165366,2
PMC3300008,11
PMC3794608,4
PMC4551517,1
PMC4977482,2
PMC5517040,2
PMC4702886,3
PMC4094773,2
PMC4480902,5
PMC5449203,1
PMC2768986,13
PMC4392865,9
PMC4928286,12
PMC5446715,4
PMC2884167,4
PMC5408923,8
PMC3580496,11
PMC3834796,1
PMC3633050,1
PMC3637798,3
PMC4053815,1
PMC3965069,2
PMC4046690,3
PMC4066801,2
PMC4132698,4
PMC4267661,1
PMC4375928,5
PMC5103424,3
PMC4714477,7
PMC4919871,2
PMC4979126,5
PMC5055659,1
PMC4731929,3
PMC5137420,2
PMC5193323,6
PMC5379536,3
PMC5369021,4
PMC5193323,6
PMC2944782,78
PMC3199761,1
PMC4271563,1
PMC2383918,23
PMC2768986,13
PMC4226948,8
PMC5389536,16
PMC4874696,5
PMC5462476,6
PMC4840974,5
PMC4073816,5
PMC4840974,5
PMC5046977,11
PMC3446274,4
PMC4073816,5
PMC4289351,5
PMC4539712,3
PMC3852105,1
PMC4739325,3
PMC4652745,8
PMC5054584,11
PMC4176189,4
PMC4965733,10
PMC5471957,1
PMC4551945,3
PMC4053938,9
PMC3905897,3
PMC4334403,5
PMC4756855,8
PMC3751341,3
PMC4070549,6
PMC4705743,3
PMC4824118,21
PMC4302108,16
PMC4787753,15
PMC4856961,27
PMC4566848,9
PMC2745680,9
PMC2943622,12
PMC3521227,11
PMC3446278,10
PMC3431293,36
PMC3877965,6
PMC4147902,12
PMC4083401,7
PMC3580410,8
PMC5303311,2
PMC3964976,12
PMC4226948,8
PMC4227755,9
PMC4426842,1
PMC4446265,3
PMC4977478,2
PMC4914103,4
PMC3728068,4
PMC4877997,14
PMC2838864,4
PMC2943622,12
PMC3678540,1
PMC4066778,4
PMC4756855,8
PMC3098084,6
PMC2824719,3
PMC3458527,3
PMC4053990,9
PMC3890420,3
PMC3236847,23
PMC4331807,1
PMC4460634,6
PMC4086064,6
PMC5575942,5
PMC3932016,7
PMC2967749,17
PMC3013804,10
PMC2893168,4
PMC2944782,78
PMC3178546,16
PMC4302125,3
PMC4928286,12
PMC4551945,3
PMC5045719,4
PMC4784276,29
PMC4305985,1
PMC3568420,10
PMC3721986,8
PMC5154163,10
PMC1851713,3
PMC1931595,7
PMC2865499,5
PMC3019180,7
PMC4086064,6
PMC5038951,6
PMC4289351,5
PMC4392865,9
PMC4928286,12
PMC5363043,12
PMC4635600,3
PMC4086064,6
PMC4227755,9
PMC4446265,3
PMC4908685,6
PMC4914103,4
PMC4759767,5
PMC4965733,10
PMC5140048,2
PMC5395847,2
PMC5345243,26
PMC5210615,21
PMC4853852,12
PMC5427619,24
PMC3475661,3
PMC4302112,3
PMC2311292,18
PMC3236847,23
PMC5210651,16
PMC4279962,1
PMC3831817,2
PMC5364679,2
PMC4512160,8
PMC4566848,9
PMC3491416,5
PMC3846580,2
PMC4226948,8
PMC4231734,3
PMC5694901,6
PMC3751090,24
PMC3094239,4
PMC3049149,8
PMC3164707,2
PMC2944782,78
PMC4066761,7
PMC3073923,12
PMC3258120,19
PMC3424966,4
PMC3510497,2
PMC3643575,3
PMC3749952,26
PMC4512094,18
PMC3750405,8
PMC4942116,12
PMC2680807,14
PMC4869178,19
PMC3591264,5
PMC5640951,19
PMC4191384,1
PMC4650858,2
PMC4824118,21
PMC4342825,19
PMC5576322,2
PMC3847189,2
PMC4566848,9
PMC3013754,1
PMC3082889,2
PMC3174950,1
PMC3177207,3
PMC3648373,1
PMC4058931,1
PMC4288635,1
PMC4551367,1
PMC4847341,1
PMC4965712,1
PMC4997703,1
PMC5657050,1
PMC5055345,6
PMC5449544,4
PMC5449546,3
PMC2743671,5
PMC2885376,3
PMC3023695,1
PMC3443069,21
PMC4618947,31
PMC4377021,4
PMC4914126,20
PMC4005660,2
PMC5629619,3
PMC2553442,5
PMC2335306,3
PMC2572072,1
PMC2364634,6
PMC2527336,5
PMC2674431,1
PMC2689196,7
PMC2734555,6
PMC2935415,4
PMC2838864,4
PMC2824719,3
PMC2996978,3
PMC2902438,3
PMC2946304,5
PMC2990745,2
PMC2865519,9
PMC3073183,10
PMC3247082,4
PMC3238181,2
PMC3314566,10
PMC3375631,1
PMC3598775,7
PMC3961800,9
PMC3965035,7
PMC3581797,12
PMC4168973,5
PMC4433130,14
PMC5104320,7
PMC5629619,3
PMC4053810,2
PMC4053864,11
PMC4392865,9
PMC4782368,4
PMC5446715,4
PMC5366155,4
PMC4227755,9
PMC4539688,3
PMC4443654,3
PMC4549084,3
PMC4574526,17
PMC4551926,4
PMC4824072,3
PMC4774023,3
PMC4882777,1
PMC4914103,4
PMC5387268,2
PMC5686814,2
PMC5217551,3
PMC5449546,3
PMC3156954,1
PMC2262071,2
PMC2975422,18
PMC3203354,24
PMC2620272,37
PMC2435556,9
PMC2637897,5
PMC2654039,4
PMC2724286,1
PMC2875241,5
PMC2885376,3
PMC3203354,24
PMC3073923,12
PMC3178546,16
PMC3516532,13
PMC4552366,6
PMC4647470,4
PMC4702811,8
PMC5069797,17
PMC5594519,10
PMC5521070,4
PMC5389567,8
PMC4888261,17
PMC3443069,21
PMC4618947,31
PMC4914126,20
PMC5427619,24
PMC4148192,1
PMC5667928,2
PMC4559909,6
PMC4053938,9
PMC3905897,3
PMC5193323,6
PMC5577775,7
PMC3906902,4
PMC4856961,27
PMC3531122,11
PMC3531122,11
PMC3531122,11
PMC3531122,11
PMC3446319,2
PMC4304210,3
PMC4245947,2
PMC4787753,15
PMC4054018,2
PMC4062047,12
PMC4682411,1
PMC4380107,3
PMC4717622,2
PMC5001206,3
PMC5570030,7
PMC4053982,4
PMC4848814,3
PMC5465565,4
PMC4824118,21
PMC5345243,26
PMC4262117,33
PMC2944782,78
PMC4824118,21
PMC4980791,12
PMC5389536,16
PMC4076981,4
PMC5294888,2
PMC4482058,4
PMC4917940,2
PMC5513504,1
PMC5294888,2
PMC4031158,2
PMC4262117,33
PMC3581797,12
PMC2397416,3
PMC2743671,5
PMC2637897,5
PMC3315298,11
PMC3443069,21
PMC4618947,31
PMC4377021,4
PMC4914126,20
PMC5389567,8
PMC5640951,19
PMC4965098,2
PMC4756855,8
PMC5471961,2
PMC5615262,4
PMC4226948,8
PMC4872117,6
PMC2997009,10
PMC4053864,11
PMC4840974,5
PMC5640951,19
PMC4756855,8
PMC4856961,27
PMC3025572,20
PMC2944782,78
PMC3287484,2
PMC3125759,2
PMC1784106,2
PMC1851713,3
PMC2865499,5
PMC3971351,10
PMC4942116,12
PMC4942116,12
PMC4770247,1
PMC4756855,8
PMC5137441,3
PMC5416830,8
PMC4165373,4
PMC5543425,3
PMC2949890,12
PMC4977478,2
PMC2831002,28
PMC3022631,11
PMC3166942,2
PMC3130285,2
PMC3441531,1
PMC4046673,64
PMC4730593,9
PMC4064312,1
PMC3706778,8
PMC4054098,4
PMC5604413,2
PMC3225231,9
PMC3783169,5
PMC4307189,4
PMC4886428,6
PMC2831002,28
PMC3013804,10
PMC5540598,4
PMC4054835,3
PMC4641376,2
PMC5374559,5
PMC5594519,10
PMC3224118,16
PMC3236847,23
PMC3258120,19
PMC4512094,18
PMC4746802,5
PMC4644070,2
PMC4980791,12
PMC2944782,78
PMC3287486,3
PMC3581797,12
PMC5408923,8
PMC2748096,62
PMC5522596,5
PMC3936768,1
PMC4512094,18
PMC5335754,1
PMC5147789,5
PMC5420106,1
PMC5415793,3
PMC3531122,11
PMC3531122,11
PMC3531122,11
PMC3531122,11
PMC3531122,11
PMC3531122,11
PMC3531122,11
PMC5389706,3
PMC3632126,2
PMC4377852,12
PMC5424422,2
PMC5442873,6
PMC3898078,2
PMC4008361,1
PMC5124223,7
PMC5244706,3
PMC4714477,7
PMC5559844,7
PMC5599894,4
PMC4053693,3
PMC4392865,9
PMC4599317,5
PMC3315298,11
PMC3315298,11
PMC4029357,9
PMC4053864,11
PMC4652745,8
PMC4782368,4
PMC5046977,11
PMC5446715,4
PMC2944782,78
PMC3820164,6
PMC4824108,2
PMC4375928,5
PMC4823857,5
PMC5080738,5
PMC3191490,59
PMC3315298,11
PMC3564850,1
PMC5374636,2
PMC3675467,1
PMC3905904,3
PMC3943510,3
PMC5046977,11
PMC4682396,5
PMC2978222,14
PMC3300008,11
PMC4756855,8
PMC4804564,6
PMC4299793,4
PMC4289351,5
PMC4053864,11
PMC5461682,11
PMC2949900,26
PMC2955048,3
PMC2944782,78
PMC3223864,16
PMC3443069,21
PMC4124158,8
PMC4213475,8
PMC4618947,31
PMC4914126,20
PMC5288875,3
PMC5427619,24
PMC3236847,23
PMC3443452,11
PMC3591264,5
PMC5640951,19
PMC5615262,4
PMC4377852,12
PMC5330805,8
PMC5389536,16
PMC5193323,6
PMC4299793,4
PMC4460959,3
PMC2944782,78
PMC3524317,3
PMC4618947,31
PMC5427619,24
PMC5485588,15
PMC2873801,3
PMC3684512,17
PMC3091626,2
PMC3460789,10
PMC4838348,1
PMC5389536,16
PMC4874696,5
PMC5462476,6
PMC4559005,2
PMC3016410,2
PMC3799445,2
PMC2745689,2
PMC2686740,1
PMC5310278,10
PMC4652745,8
PMC2863163,8
PMC3308032,5
PMC3258120,19
PMC3521227,11
PMC3545737,5
PMC3556652,5
PMC3723500,7
PMC4512094,18
PMC5330036,3
PMC5175345,4
PMC5487056,1
PMC4016702,4
PMC4392865,9
PMC4497424,2
PMC4652745,8
PMC4782368,4
PMC4928286,12
PMC4855979,1
PMC5046977,11
PMC5120506,3
PMC5307731,2
PMC5446715,4
PMC5366155,4
PMC5481917,2
PMC5604286,2
PMC5683364,1
PMC2896096,1
PMC2896182,1
PMC3224234,5
PMC3258120,19
PMC3521227,11
PMC3545737,5
PMC3491371,5
PMC3431293,36
PMC3751310,2
PMC3727977,1
PMC3723500,7
PMC4512094,18
PMC5009532,7
PMC3446318,13
PMC5485588,15
PMC4549084,3
PMC4574526,17
PMC4381047,4
PMC4551926,4
PMC5241969,4
PMC4342825,19
PMC2801700,15
PMC4008172,2
PMC5481917,2
PMC5604286,2
PMC4942116,12
PMC4942116,12
PMC5161304,1
PMC4888261,17
PMC2689187,3
PMC2689187,3
PMC4512094,18
PMC2863163,8
PMC3308032,5
PMC3258120,19
PMC3556652,5
PMC3799430,4
PMC3723500,7
PMC4512094,18
PMC5009532,7
PMC5330036,3
PMC5374660,1
PMC5324221,5
PMC2820458,3
PMC5591525,9
PMC4054100,4
PMC4367926,1
PMC4942116,12
PMC4942116,12
PMC4027215,3
PMC4342825,19
PMC3584913,2
PMC4081075,13
PMC4512160,8
PMC4566848,9
PMC4345003,6
PMC5001240,2
PMC4719699,5
PMC4464629,2
PMC4644070,2
PMC4522970,5
PMC5389178,5
PMC4962388,2
PMC5363043,12
PMC3937041,1
PMC4862082,32
PMC5681780,3
PMC5330805,8
PMC4230795,4
PMC2863163,8
PMC3446278,10
PMC3877965,6
PMC4987914,7
PMC4086060,1
PMC2944782,78
PMC4046673,64
PMC4357728,20
PMC2944782,78
PMC4326481,1
PMC5009710,1
PMC4357708,4
PMC4928286,12
PMC3049149,8
PMC3475661,3
PMC4058914,1
PMC4230795,4
PMC5587802,5
PMC4389802,2
PMC4331481,1
PMC4787803,2
PMC4908365,2
PMC5001242,2
PMC5226821,2
PMC4919894,3
PMC4719699,5
PMC5389000,2
PMC4682396,5
PMC4681149,4
PMC4095003,1
PMC2944782,78
PMC5024470,1
PMC4605289,1
PMC3483240,5
PMC4416174,2
PMC4908365,2
PMC5001242,2
PMC5226821,2
PMC2653464,3
PMC2967749,17
PMC3533509,2
PMC3207936,3
PMC4417167,1
PMC5289608,2
PMC4046673,64
PMC3706780,2
PMC3749952,26
PMC4426835,1
PMC4547404,2
PMC5540620,1
PMC5488340,2
PMC4574543,1
PMC4823857,5
PMC5027495,2
PMC5374695,1
PMC5414305,2
PMC5310274,1
PMC5470739,3
PMC4160374,4
PMC4321899,2
PMC4506430,3
PMC4531809,1
PMC5168810,3
PMC4979126,5
PMC5448817,4
PMC5485588,15
PMC4404573,3
PMC4682396,5
PMC3315298,11
PMC5667504,1
PMC2383918,23
PMC4480902,5
PMC4678843,1
PMC5406893,5
PMC4399757,2
PMC4471934,6
PMC2745680,9
PMC4029366,3
PMC5226817,1
PMC5688624,3
PMC4552468,1
PMC5660458,5
PMC4551926,4
PMC4227139,1
PMC4357708,4
PMC3013804,10
PMC2887810,5
PMC2895626,5
PMC2922198,3
PMC2822536,7
PMC2822537,6
PMC3073183,10
PMC3224118,16
PMC3314566,10
PMC3436770,6
PMC3580410,8
PMC3446278,10
PMC3614553,4
PMC3848894,6
PMC3598775,7
PMC3848818,6
PMC3961800,9
PMC4168973,5
PMC4474423,3
PMC4769543,6
PMC5629553,4
PMC4357728,20
PMC4482058,4
PMC4815170,6
PMC3224482,5
PMC4746818,2
PMC4574526,17
PMC4506430,3
PMC4681149,4
PMC4705679,2
PMC4739097,27
PMC4605286,3
PMC5591525,9
PMC3403121,2
PMC4617894,2
PMC5688663,5
PMC5013909,1
PMC4423592,2
PMC4652761,10
PMC5088519,4
PMC5663038,3
PMC4987914,7
PMC4364483,1
PMC4652745,8
PMC5054584,11
PMC5488362,2
PMC5330805,8
PMC4578944,5
PMC3679856,8
PMC3903047,5
PMC5389674,9
PMC4605286,3
PMC4908685,6
PMC2788585,4
PMC2805698,2
PMC2488358,3
PMC4194418,3
PMC5389178,5
PMC4378340,8
PMC5449593,15
PMC4977677,7
PMC5345243,26
PMC5458484,2
PMC4381081,2
PMC5249008,8
PMC4881296,3
PMC5080738,5
PMC5442705,1
PMC5330805,8
PMC2982694,3
PMC3013779,1
PMC3073923,12
PMC3580496,11
PMC5569300,2
PMC5330805,8
PMC5697344,17
PMC2982685,1
PMC3140076,1
PMC2944782,78
PMC3443069,21
PMC3574043,1
PMC3583189,2
PMC3654928,2
PMC4046673,64
PMC3702487,2
PMC3827844,8
PMC4028079,3
PMC4101702,2
PMC4618947,31
PMC5069797,17
PMC4914126,20
PMC5427619,24
PMC5640951,19
PMC4460634,6
PMC4046673,64
PMC4531538,2
PMC4822256,2
PMC5134098,1
PMC4599317,5
PMC3073183,10
PMC3203619,12
PMC5376499,29
PMC2537561,1
PMC2781828,1
PMC2817484,3
PMC2853690,2
PMC2838869,2
PMC2920277,3
PMC3026357,2
PMC2838842,2
PMC3025565,4
PMC3128035,6
PMC3224096,1
PMC3314675,2
PMC3599453,1
PMC3535702,6
PMC3626802,1
PMC3644270,1
PMC3816316,3
PMC3919567,3
PMC4168703,2
PMC4290828,8
PMC4160374,4
PMC4005682,8
PMC4625728,23
PMC4681149,4
PMC5408923,8
PMC4973090,4
PMC5027495,2
PMC5460543,2
PMC5448817,4
PMC3178546,16
PMC3616710,3
PMC5234101,4
PMC4046673,64
PMC2944782,78
PMC3333884,7
PMC4046673,64
PMC4046673,64
PMC5330805,8
PMC5376499,29
PMC5613491,3
PMC2861677,4
PMC2944782,78
PMC5009757,6
PMC4987914,7
PMC5084341,8
PMC1885270,1
PMC5345243,26
PMC5369021,4
PMC5389536,16
PMC4874696,5
PMC5462476,6
PMC2684550,2
PMC4536608,5
PMC2845644,5
PMC4856978,19
PMC5330805,8
PMC5376499,29
PMC4315165,1
PMC5406939,14
PMC4853861,5
PMC2848248,13
PMC4619244,15
PMC5097360,11
PMC4710974,4
PMC4804494,3
PMC5501199,3
PMC5388394,5
PMC5133492,1
PMC3326306,2
PMC3343110,6
PMC4965733,10
PMC2748096,62
PMC5046977,11
PMC3141272,2
PMC3637832,2
PMC4531811,3
PMC4350614,1
PMC4822256,2
PMC3536586,29
PMC4619244,15
PMC5147789,5
PMC5147789,5
PMC2576257,11
PMC2998528,2
PMC3536586,29
PMC4797117,8
PMC5147789,5
PMC2576257,11
PMC2848248,13
PMC3536586,29
PMC3536586,29
PMC2576257,11
PMC2848248,13
PMC3536586,29
PMC2576257,11
PMC2848248,13
PMC3536586,29
PMC3536586,29
PMC2576257,11
PMC3536586,29
PMC5147789,5
PMC2576257,11
PMC3283746,9
PMC3536586,29
PMC3610429,5
PMC2576257,11
PMC3283746,9
PMC3536586,29
PMC3610429,5
PMC2576257,11
PMC3283746,9
PMC3536586,29
PMC3610429,5
PMC3536586,29
PMC3610429,5
PMC4797117,8
PMC2576257,11
PMC3283746,9
PMC3123201,6
PMC3536586,29
PMC5327533,2
PMC5655803,5
PMC2975422,18
PMC4652745,8
PMC4619244,15
PMC3536586,29
PMC4574526,17
PMC4770512,2
PMC5387360,2
PMC5588707,4
PMC3472294,3
PMC4619244,15
PMC5416874,8
PMC4512094,18
PMC4995760,2
PMC4930624,3
PMC3224234,5
PMC3091730,2
PMC1950531,1
PMC2636774,2
PMC4132698,4
PMC3592398,3
PMC4330396,7
PMC2257939,25
PMC3783169,5
PMC3203610,4
PMC4759767,5
PMC5041471,4
PMC3314566,10
PMC3852209,4
PMC4471934,6
PMC5698929,1
PMC2801700,15
PMC5093975,4
PMC5416753,4
PMC5416753,4
PMC4191388,1
PMC5470739,3
PMC4354990,2
PMC2762058,4
PMC3472294,3
PMC4538818,3
PMC4888261,17
PMC4888261,17
PMC3018144,4
PMC4862082,32
PMC4772672,3
PMC4539712,3
PMC5363043,12
PMC2703919,3
PMC3378883,2
PMC3851181,4
PMC4229886,5
PMC5209944,5
PMC2748096,62
PMC3098084,6
PMC2944782,78
PMC5389178,5
PMC4869249,4
PMC3258134,2
PMC4784276,29
PMC4902951,9
PMC3765282,7
PMC3464930,1
PMC5282853,2
PMC4823857,5
PMC5249008,8
PMC4862082,32
PMC4881296,3
PMC4930624,3
PMC4772672,3
PMC5371246,3
PMC5596896,3
PMC5376499,29
PMC5688663,5
PMC2383918,23
PMC5080738,5
PMC4928286,12
PMC5376499,29
PMC5154105,6
PMC5465565,4
PMC2696448,1
PMC3236847,23
PMC3258120,19
PMC3367180,7
PMC4196030,1
PMC4597416,1
PMC4849722,3
PMC5237151,12
PMC5237151,12
PMC5237151,12
PMC4450845,1
PMC4667463,3
PMC4980791,12
PMC4862082,32
PMC5685645,1
PMC3479204,5
PMC4124158,8
PMC4062047,12
PMC2797819,6
PMC3439679,8
PMC5096314,9
PMC5154163,10
PMC5406893,5
PMC4653393,3
PMC2739230,3
PMC2975422,18
PMC2975422,18
PMC3236847,23
PMC4075609,3
PMC5427619,24
PMC4862082,32
PMC5376499,29
PMC4549084,3
PMC4574526,17
PMC4576377,1
PMC4551926,4
PMC4605315,1
PMC4774023,3
PMC5224500,2
PMC5291250,1
PMC4874696,5
PMC5395875,1
PMC5217551,3
PMC5241969,4
PMC5278575,4
PMC5389712,1
PMC5397156,1
PMC5449544,4
PMC5449546,3
PMC5462476,6
PMC5612749,2
PMC4862082,32
PMC5637074,3
PMC5613491,3
PMC5345243,26
PMC2528195,6
PMC3460789,10
PMC4674855,14
PMC4823857,5
PMC5473255,4
PMC4878077,2
PMC5389713,2
PMC4986254,4
PMC5244546,4
PMC3203354,24
PMC5345243,26
PMC3191490,59
PMC5359966,7
PMC3971351,10
PMC4131762,4
PMC4702803,14
PMC5088519,4
PMC2768986,13
PMC2423197,3
PMC2527336,5
PMC2689196,7
PMC2838864,4
PMC2892466,4
PMC2895626,5
PMC2922198,3
PMC2946304,5
PMC3224118,16
PMC3247082,4
PMC3128864,3
PMC3197658,2
PMC3314566,10
PMC3848894,6
PMC3598775,7
PMC3848818,6
PMC3961800,9
PMC3922286,1
PMC4433130,14
PMC4769543,6
PMC2844390,1
PMC3117390,1
PMC3453505,2
PMC3582595,2
PMC3351168,2
PMC3420919,5
PMC4028055,1
PMC4236814,3
PMC4485866,1
PMC5001205,2
PMC4848819,1
PMC4862082,32
PMC4930624,3
PMC5376499,29
PMC3483240,5
PMC2831002,28
PMC5210615,21
PMC3266878,6
PMC5038951,6
PMC5054584,11
PMC5345243,26
PMC3191490,59
PMC3751090,24
PMC4303935,3
PMC2944782,78
PMC3439730,8
PMC3446318,13
PMC4719745,1
PMC3159465,16
PMC4345017,3
PMC2893168,4
PMC2975422,18
PMC2944782,78
PMC3002992,10
PMC3287475,1
PMC4784399,1
PMC5359929,2
PMC3186786,1
PMC2637897,5
PMC2949900,26
PMC2944782,78
PMC3853117,1
PMC3826595,7
PMC3751784,3
PMC4029569,3
PMC3589714,3
PMC4547403,8
PMC4977482,2
PMC3608085,4
PMC5681780,3
PMC5371246,3
PMC4815170,6
PMC5660458,5
PMC2958743,4
PMC3117734,1
PMC4625461,11
PMC3019229,4
PMC2945792,2
PMC3483236,1
PMC3526310,2
PMC4245971,1
PMC4791959,1
PMC4657279,2
PMC2848541,5
PMC3266878,6
PMC2945940,38
PMC5041488,1
PMC2576257,11
PMC2697655,1
PMC2726226,8
PMC2825235,8
PMC3091634,3
PMC3224690,8
PMC3206523,2
PMC3526417,6
PMC4426649,3
PMC2576257,11
PMC2726226,8
PMC2761422,2
PMC2825235,8
PMC3091634,3
PMC3224690,8
PMC3526417,6
PMC3616870,9
PMC4035072,3
PMC4862231,1
PMC3118786,3
PMC4378340,8
PMC3223864,16
PMC3599307,2
PMC2978222,14
PMC3236847,23
PMC3073923,12
PMC3258120,19
PMC3443452,11
PMC3446318,13
PMC3997969,10
PMC4512094,18
PMC4559909,6
PMC4746802,5
PMC4975902,6
PMC3178546,16
PMC3258120,19
PMC3443069,21
PMC3717275,1
PMC4129103,1
PMC4258300,3
PMC4512094,18
PMC4618947,31
PMC4744442,1
PMC4914126,20
PMC2717951,45
PMC4862082,32
PMC2949900,26
PMC4840974,5
PMC3062621,1
PMC3125796,2
PMC5435931,4
PMC5300121,1
PMC4075609,3
PMC3852507,2
PMC5361837,5
PMC5361837,5
PMC5249008,8
PMC4862082,32
PMC2845654,1
PMC3213685,11
PMC3658457,3
PMC3794608,4
PMC5376499,29
PMC2955048,3
PMC2975422,18
PMC4053757,7
PMC4862082,32
PMC5154105,6
PMC5673240,5
PMC3751090,24
PMC3224690,8
PMC3616870,9
PMC5151130,4
PMC5376499,29
PMC3236847,23
PMC4618947,31
PMC2654039,4
PMC2810306,3
PMC2858751,2
PMC2975411,1
PMC3120700,1
PMC3161046,1
PMC3203354,24
PMC3178546,16
PMC3477019,3
PMC3519671,1
PMC3576361,1
PMC3479185,4
PMC3355067,1
PMC3431293,36
PMC4243117,1
PMC4279789,3
PMC4702811,8
PMC4702927,4
PMC5069797,17
PMC5073889,7
PMC5374550,1
PMC3499383,30
PMC2861633,2
PMC4053757,7
PMC5561633,2
PMC2527336,5
PMC2533026,1
PMC2689196,7
PMC2734555,6
PMC2887810,5
PMC2892466,4
PMC2895626,5
PMC2822536,7
PMC2996978,3
PMC2946304,5
PMC2865519,9
PMC3073183,10
PMC3224118,16
PMC3247082,4
PMC3287565,1
PMC3314566,10
PMC3436770,6
PMC3521227,11
PMC3426489,5
PMC3614553,4
PMC3848894,6
PMC3598775,7
PMC3848818,6
PMC3854673,1
PMC3961800,9
PMC4269079,6
PMC4197225,9
PMC4168973,5
PMC5104320,7
PMC2620272,37
PMC3644490,2
PMC3577491,2
PMC2631580,1
PMC3159465,16
PMC5069875,4
PMC5697344,17
PMC4855328,1
PMC2825236,12
PMC3159465,16
PMC3245920,11
PMC3597655,6
PMC5587731,5
PMC5041456,3
PMC5416830,8
PMC4862082,32
PMC3721986,8
PMC4006456,2
PMC4642938,8
PMC5570139,2
PMC5080738,5
PMC5473255,4
PMC2919708,1
PMC4772672,3
PMC2944782,78
PMC4046673,64
PMC4363349,10
PMC4674855,14
PMC4857427,6
PMC5069797,17
PMC5640951,19
PMC3101171,1
PMC3521215,5
PMC2944782,78
PMC2745680,9
PMC2637897,5
PMC2831002,28
PMC2949900,26
PMC3091682,2
PMC3224118,16
PMC3377915,1
PMC3443452,11
PMC3446318,13
PMC4147902,12
PMC4168981,7
PMC4739640,10
PMC4895785,4
PMC5568075,6
PMC3307026,1
PMC2944782,78
PMC3556652,5
PMC3799430,4
PMC4342872,4
PMC4869178,19
PMC3002903,4
PMC3203619,12
PMC2858682,1
PMC3996490,2
PMC3129592,3
PMC3287193,3
PMC3401434,2
PMC3909303,1
PMC4702811,8
PMC4593560,1
PMC3203354,24
PMC4653393,3
PMC3618321,3
PMC3849762,1
PMC2788367,16
PMC2718516,4
PMC3224118,16
PMC3443069,21
PMC3997969,10
PMC4075609,3
PMC4618947,31
PMC4914126,20
PMC5427619,24
PMC3902919,4
PMC5376499,29
PMC2831002,28
PMC3521227,11
PMC4227138,7
PMC4536608,5
PMC4053846,10
PMC4659173,6
PMC5483284,2
PMC3236847,23
PMC2825235,8
PMC3224690,8
PMC3903047,5
PMC4426649,3
PMC3382432,3
PMC2886065,3
PMC5429532,3
PMC545082,1
PMC2761903,16
PMC2875035,11
PMC3298487,4
PMC5314683,1
PMC3191490,59
PMC3177187,3
PMC3258143,2
PMC2788367,16
PMC2950675,1
PMC5570034,3
PMC2917432,4
PMC3479185,4
PMC3191490,59
PMC3203619,12
PMC2267785,2
PMC3852103,4
PMC2267785,2
PMC2949890,12
PMC4682404,3
PMC3751779,8
PMC4378209,3
PMC5449593,15
PMC4378209,3
PMC4378270,1
PMC2588528,2
PMC2688271,2
PMC5544998,2
PMC3002903,4
PMC4046673,64
PMC5640951,19
PMC2978222,14
PMC2978353,2
PMC3203354,24
PMC2949890,12
PMC4354990,2
PMC2945792,2
PMC3526310,2
PMC4869178,19
PMC3236847,23
PMC3191490,59
PMC2761903,16
PMC3225231,9
PMC3510512,5
PMC2967749,17
PMC2935415,4
PMC2797084,2
PMC2845644,5
PMC3439733,1
PMC3443069,21
PMC3431293,36
PMC3516532,13
PMC3643575,3
PMC4618947,31
PMC4965733,10
PMC4975902,6
PMC4914126,20
PMC2778664,5
PMC2881367,3
PMC4673793,4
PMC3443069,21
PMC4618947,31
PMC4914126,20
PMC5427619,24
PMC4147907,1
PMC4262117,33
PMC3002992,10
PMC3446318,13
PMC2631022,3
PMC3223864,16
PMC3877965,6
PMC4147902,12
PMC3252274,3
PMC5371228,7
PMC3012675,4
PMC4433130,14
PMC2990769,1
PMC4404573,3
PMC2797819,6
PMC2872005,1
PMC3765282,7
PMC4363349,10
PMC5640951,19
PMC2873318,2
PMC4308892,1
PMC4702856,1
PMC5006569,1
PMC2423197,3
PMC4070555,2
PMC2996925,4
PMC5485588,15
PMC2528195,6
PMC3460789,10
PMC5363043,12
PMC2801700,15
PMC3446318,13
PMC3643575,3
PMC4618947,31
PMC4914126,20
PMC5427619,24
PMC2717951,45
PMC3012675,4
PMC4051163,18
PMC2865505,2
PMC3252274,3
PMC4818520,4
PMC3012675,4
PMC3208247,5
PMC3510495,5
PMC3975178,4
PMC3496578,1
PMC5485588,15
PMC5088519,4
PMC3224118,16
PMC3443069,21
PMC4255424,2
PMC4213475,8
PMC4168981,7
PMC4618947,31
PMC4914126,20
PMC5427619,24
PMC4702811,8
PMC3644490,2
PMC2559887,2
PMC3056799,1
PMC2856555,4
PMC3191490,59
PMC3185407,3
PMC3545737,5
PMC4959389,2
PMC2865519,9
PMC4986254,4
PMC4345003,6
PMC5353876,4
PMC2788367,16
PMC3073923,12
PMC3460789,10
PMC4229886,5
PMC3734169,6
PMC2943622,12
PMC5310278,10
PMC1501018,4
PMC2216044,1
PMC2703939,1
PMC3113937,1
PMC3224118,16
PMC3446274,4
PMC5615262,4
PMC3348046,1
PMC5629619,3
PMC3852267,3
PMC4617899,2
PMC2780461,2
PMC4005682,8
PMC4062047,12
PMC2944782,78
PMC2822754,3
PMC3446278,10
PMC3506907,2
PMC3479185,4
PMC3431293,36
PMC3703268,4
PMC3721986,8
PMC3728068,4
PMC3581797,12
PMC4678722,6
PMC4877997,14
PMC4784276,29
PMC4856984,2
PMC4751708,1
PMC4836190,3
PMC4902951,9
PMC3002992,10
PMC4384356,1
PMC5264486,15
PMC3225231,9
PMC3315298,11
PMC3783169,5
PMC1524917,2
PMC1865557,2
PMC2435556,9
PMC2831002,28
PMC3223864,16
PMC3203619,12
PMC2655676,2
PMC2673434,2
PMC2858751,2
PMC3118215,3
PMC3089475,2
PMC3460789,10
PMC4308895,2
PMC3681642,1
PMC3890649,3
PMC4509753,26
PMC4546216,2
PMC4640349,4
PMC4804540,7
PMC3637549,12
PMC3890649,3
PMC4804540,7
PMC2475669,1
PMC4804540,7
PMC4213503,2
PMC4509753,26
PMC4546216,2
PMC4640349,4
PMC4804540,7
PMC4213503,2
PMC4804540,7
PMC1885844,1
PMC1852104,1
PMC2063504,2
PMC2242806,2
PMC2238897,1
PMC2596144,1
PMC2788362,1
PMC4583175,3
PMC5545021,3
PMC4702849,1
PMC5073747,5
PMC4233070,2
PMC5629590,1
PMC5427609,5
PMC5319050,5
PMC5427609,5
PMC5319050,5
PMC4756441,4
PMC5370463,32
PMC5011782,4
PMC5011782,4
PMC4290368,4
PMC4290368,4
PMC4546150,2
PMC4508970,2
PMC5553760,2
PMC4867532,2
PMC4200122,1
PMC4791882,1
PMC5225507,2
PMC5217246,4
PMC5282909,1
PMC5317056,4
PMC5009739,2
PMC5612451,1
PMC5210553,3
PMC5088523,1
PMC4937532,1
PMC4607102,1
PMC5094085,1
PMC5039785,4
PMC5039785,4
PMC5319050,5
PMC5319050,5
PMC5319050,5
PMC2898081,3
PMC5001615,3
PMC3064787,2
PMC3130253,5
PMC3167610,3
PMC4117428,2
PMC2781750,1
PMC2881400,1
PMC3046488,3
PMC3044311,3
PMC3167803,10
PMC3064787,2
PMC3769146,4
PMC3248028,4
PMC4840868,73
PMC3420919,5
PMC3469347,10
PMC2945790,1
PMC3156955,2
PMC3129672,4
PMC3491412,12
PMC3656776,2
PMC3478155,2
PMC4840868,73
PMC2943596,4
PMC3315510,2
PMC3129672,4
PMC3495688,50
PMC3469347,10
PMC3656776,2
PMC3919567,3
PMC4609108,2
PMC4625728,23
PMC4787746,2
PMC4973090,4
PMC5448817,4
PMC5154163,10
PMC3701142,5
PMC3129672,4
PMC3381971,1
PMC3469347,10
PMC4168703,2
PMC4609108,2
PMC4971691,3
PMC5395770,6
PMC4035071,3
PMC3673906,2
PMC5025612,1
PMC5112684,2
PMC3558330,2
PMC4528681,1
PMC5559844,7
PMC3707065,1
PMC4389708,12
PMC4684307,2
PMC5648452,3
PMC3395874,1
PMC4832472,3
PMC4389708,12
PMC4684307,2
PMC5648452,3
PMC3830539,2
PMC4971691,3
PMC4887298,4
PMC5607646,1
PMC5244592,1
PMC5055345,6
PMC4165373,4
PMC5543425,3
PMC5657049,1
PMC4432979,1
PMC4320431,1
PMC5497376,8
PMC5613641,8
PMC5371228,7
PMC3535702,6
PMC3426808,2
PMC3816316,3
PMC4331710,25
PMC4331710,25
PMC4073010,1
PMC3219966,12
PMC5657048,1
PMC4331710,25
PMC4474418,1
PMC3245612,2
PMC3514201,7
PMC3691734,1
PMC3751903,2
PMC4054677,3
PMC4445815,3
PMC4756807,22
PMC5260008,4
PMC4035057,10
PMC4375924,2
PMC4331710,25
PMC3571712,1
PMC4272516,140
PMC3401476,1
PMC3479216,2
PMC5001245,1
PMC5203714,21
PMC4053856,1
PMC4441069,2
PMC4035057,10
PMC4375928,5
PMC4195908,3
PMC4195908,3
PMC3646689,1
PMC4539667,8
PMC4381047,4
PMC5072325,4
PMC4658763,3
PMC5199621,3
PMC5496257,9
PMC4634154,14
PMC4832559,2
PMC4539667,8
PMC4290368,4
PMC4290368,4
PMC4227756,2
PMC4666360,3
PMC4787819,1
PMC5576108,1
PMC5654091,3
PMC5501199,3
PMC4508970,2
PMC4769584,14
PMC4880872,1
PMC5094043,13
PMC5553760,2
PMC5654091,3
PMC5260093,1
PMC4831157,3
PMC5376499,29
PMC5199621,3
PMC4797269,7
PMC5317056,4
PMC4681086,4
PMC4887298,4
PMC5292764,1
PMC5310122,1
PMC5654091,3
PMC5496257,9
PMC5097424,2
PMC5545040,3
PMC5496257,9
PMC5496257,9
PMC5496257,9
PMC5496257,9
PMC4023493,4
PMC4023493,4
PMC4459677,9
PMC3167803,10
PMC3526431,1
PMC3446322,1
PMC4015147,6
PMC4603742,2
PMC5310280,1
PMC4021105,3
PMC3394419,17
PMC3505181,18
PMC4840868,73
PMC3505181,18
PMC3505181,18
PMC4840868,73
PMC3505181,18
PMC3488244,15
PMC3505181,18
PMC4840868,73
PMC3076267,8
PMC4168712,2
PMC4449525,2
PMC3505181,18
PMC4840868,73
PMC4840868,73
PMC3505181,18
PMC4074385,4
PMC5399794,11
PMC5399794,11
PMC5209911,14
PMC5209911,14
PMC4056463,5
PMC5209911,14
PMC5209911,14
PMC5209911,14
PMC5209911,14
PMC3597144,3
PMC3491410,6
PMC3973284,2
PMC3491410,6
PMC3491410,6
PMC3113943,2
PMC4147892,1
PMC3753617,1
PMC5567656,4
PMC3698011,3
PMC4840868,73
PMC4840868,73
PMC4840868,73
PMC4840868,73
PMC4840868,73
PMC4840868,73
PMC4840868,73
PMC4840868,73
PMC4840868,73
PMC4840868,73
PMC4840868,73
PMC4840868,73
PMC4840868,73
PMC4840868,73
PMC4840868,73
PMC4840868,73
PMC4840868,73
PMC4840868,73
PMC4840868,73
PMC4840868,73
PMC4840868,73
PMC4840868,73
PMC4840868,73
PMC4840868,73
PMC4086126,1
PMC4625728,23
PMC4840868,73
PMC4481695,7
PMC4547610,9
PMC4840868,73
PMC4840868,73
PMC4840868,73
PMC4840868,73
PMC5550947,16
PMC4840868,73
PMC5550947,16
PMC3495688,50
PMC4840868,73
PMC5550947,16
PMC3495688,50
PMC4840868,73
PMC5550947,16
PMC4840868,73
PMC4840868,73
PMC4840868,73
PMC4840868,73
PMC4840868,73
PMC4840868,73
PMC4840868,73
PMC5550947,16
PMC5550947,16
PMC5550947,16
PMC5550947,16
PMC5550947,16
PMC5550947,16
PMC5550947,16
PMC4150757,6
PMC5027123,5
PMC4008362,5
PMC5382505,8
PMC4356054,1
PMC4542784,3
PMC5209911,14
PMC5209911,14
PMC4015147,6
PMC3627565,5
PMC4168706,1
PMC4174676,9
PMC4248469,2
PMC4570262,5
PMC4910249,5
PMC3622638,1
PMC4147886,2
PMC3798757,10
PMC4131054,15
PMC3973284,2
PMC4682380,1
PMC5069797,17
PMC3556151,4
PMC3556151,4
PMC3592472,1
PMC5418765,7
PMC4841963,5
PMC4841963,5
PMC5418765,7
PMC5418765,7
PMC5094043,13
PMC5094043,13
PMC5094043,13
PMC5094043,13
PMC5094043,13
PMC5094043,13
PMC5094043,13
PMC5635495,36
PMC4547610,9
PMC5324271,3
PMC4559890,9
PMC4559890,9
PMC4559890,9
PMC4559890,9
PMC4559890,9
PMC4559890,9
PMC5547545,3
PMC5210553,3
PMC5210553,3
PMC5070092,4
PMC5414186,30
PMC5070092,4
PMC5414186,30
PMC5504734,13
PMC5466358,6
PMC5466358,6
PMC4506483,10
PMC5165717,2
PMC5466358,6
PMC4506483,10
PMC5165717,2
PMC5466358,6
PMC5657035,2
PMC5224473,6
PMC5657035,2
PMC5419444,4
PMC4378227,1
PMC5504734,13
PMC5699183,20
PMC5657078,2
PMC4287502,3
PMC5657078,2
PMC4756807,22
PMC4756807,22
PMC5343294,2
PMC4892416,4
PMC4756807,22
PMC4910249,5
PMC4910249,5
PMC4759986,10
PMC5644170,1
PMC3965104,2
PMC4383990,2
PMC4660826,6
PMC4711006,4
PMC4711006,4
PMC4711006,4
PMC5466358,6
PMC4711006,4
PMC5466358,6
PMC4547610,9
PMC4165373,4
PMC4766705,8
PMC4766705,8
PMC4165373,4
PMC4766705,8
PMC4547610,9
PMC5547545,3
PMC4547610,9
PMC4074385,4
PMC4231758,1
PMC5399794,11
PMC4779561,6
PMC4779561,6
PMC5635495,36
PMC5482724,29
PMC4547610,9
PMC5418765,7
PMC4547610,9
PMC5563063,6
PMC5343294,2
PMC4343054,8
PMC5416832,7
PMC4231744,6
PMC5416832,7
PMC4687090,1
PMC4910249,5
PMC2831844,2
PMC5408791,3
PMC4389708,12
PMC4393512,3
PMC4005636,3
PMC4330339,1
PMC5009819,1
PMC4939949,8
PMC3632116,2
PMC4963998,6
PMC4963998,6
PMC5430618,12
PMC4389708,12
PMC4389708,12
PMC4428112,3
PMC4963998,6
PMC4389708,12
PMC4389708,12
PMC4428112,3
PMC4389708,12
PMC3750513,3
PMC3965104,2
PMC4383990,2
PMC3044310,3
PMC3072957,4
PMC3514201,7
PMC3521391,2
PMC4015147,6
PMC3629993,4
PMC3629993,4
PMC3505181,18
PMC3505181,18
PMC4840868,73
PMC3125812,2
PMC2919710,1
PMC3051901,7
PMC3051901,7
PMC4137073,8
PMC4137073,8
PMC4137073,8
PMC4137073,8
PMC4307147,8
PMC4652555,3
PMC4342890,3
PMC4892416,4
PMC4760927,4
PMC4005686,6
PMC4342890,3
PMC4760927,4
PMC3783187,11
PMC4339746,1
PMC4908363,2
PMC3163565,12
PMC3495688,50
PMC3469347,10
PMC4077321,2
PMC4625728,23
PMC4840868,73
PMC4625728,23
PMC3163565,12
PMC3495688,50
PMC4625728,23
PMC4840868,73
PMC4625728,23
PMC4625728,23
PMC4625728,23
PMC3163565,12
PMC4625728,23
PMC4137073,8
PMC4137073,8
PMC4298084,1
PMC4652555,3
PMC3469347,10
PMC3277949,11
PMC4509613,2
PMC3277949,11
PMC4509613,2
PMC3056800,1
PMC3701547,2
PMC3219966,12
PMC3219966,12
PMC5027123,5
PMC4269174,4
PMC4990865,3
PMC4990865,3
PMC4990865,3
PMC4015147,6
PMC4253827,1
PMC3927682,2
PMC4462005,2
PMC4063226,5
PMC5382505,8
PMC3378858,5
PMC3378858,5
PMC4342890,3
PMC5069867,3
PMC4760927,4
PMC5069867,3
PMC4673974,12
PMC5069867,3
PMC4400156,20
PMC4722740,9
PMC5496183,4
PMC4506583,2
PMC5497376,8
PMC5497376,8
PMC5497376,8
PMC4299006,8
PMC4180789,2
PMC4490614,5
PMC5496183,4
PMC4334395,1
PMC4180789,2
PMC5100175,9
PMC4403906,2
PMC4403906,2
PMC5382505,8
