id,reuseCount
GDE1,3
GDE2,1
GDE5,0
GDL1,0
GDL15,0
GDL20,0
GDS00006,0
GDS00007,0
GDS1,9
GDS100,0
GDS1011,0
GDS1013,0
GDS1017,0
GDS1018,0
GDS1022,0
GDS1023,2
GDS1027,1
GDS1030,0
GDS1036,0
GDS104,0
GDS1044,0
GDS1048,0
GDS1057,0
GDS1062,1
GDS1064,0
GDS1065,0
GDS1067,2
GDS1070,2
GDS1076,0
GDS108,0
GDS1084,0
GDS1096,3
GDS1103,0
GDS1115,0
GDS112,1
GDS1209,4
GDS1210,2
GDS1215,0
GDS1220,2
GDS1221,0
GDS1231,0
GDS1239,0
GDS124,0
GDS1249,0
GDS1257,1
GDS1259,0
GDS1269,0
GDS1277,0
GDS1282,1
GDS1290,0
GDS1299,0
GDS1304,0
GDS1312,1
GDS1319,1
GDS1320,0
GDS1321,1
GDS1324,0
GDS1326,0
GDS1329,3
GDS1330,0
GDS1331,1
GDS1332,0
GDS1340,0
GDS1365,0
GDS1375,3
GDS1388,1
GDS1390,0
GDS1392,0
GDS1397,0
GDS14,0
GDS1402,0
GDS1404,0
GDS1406,0
GDS1407,0
GDS1408,0
GDS1428,0
GDS1436,0
GDS1439,2
GDS1443,0
GDS1449,0
GDS1454,1
GDS1455,0
GDS1479,1
GDS1490,0
GDS1515,0
GDS1517,1
GDS1549,0
GDS1555,0
GDS156,1
GDS1615,1
GDS1627,0
GDS1629,0
GDS1634,0
GDS1635,0
GDS1648,0
GDS1650,1
GDS1663,0
GDS1665,0
GDS1673,0
GDS1684,0
GDS1686,0
GDS1688,0
GDS1693,0
GDS171,0
GDS1724,0
GDS1726,1
GDS1752,0
GDS1761,0
GDS1779,0
GDS1780,0
GDS1786,0
GDS1793,0
GDS18,0
GDS181,2
GDS1813,0
GDS1815,3
GDS182,1
GDS1823,1
GDS1824,1
GDS183,0
GDS184,0
GDS1848,0
GDS1858,1
GDS1875,0
GDS1883,0
GDS1917,0
GDS1926,0
GDS1962,3
GDS1971,0
GDS1975,2
GDS1985,0
GDS1989,0
GDS2,0
GDS20,0
GDS2003,0
GDS2018,0
GDS2029,0
GDS2036,0
GDS2055,0
GDS2057,1
GDS2089,0
GDS2090,0
GDS2096,0
GDS2098,0
GDS2107,0
GDS2113,1
GDS2144,0
GDS2154,0
GDS2162,0
GDS2190,0
GDS2191,0
GDS22,1
GDS2201,0
GDS2202,0
GDS2203,1
GDS2209,0
GDS221,0
GDS2213,0
GDS2214,0
GDS222,0
GDS223,0
GDS2240,0
GDS226,0
GDS2272,0
GDS2318,1
GDS2319,0
GDS232,1
GDS2324,0
GDS2347,0
GDS2350,0
GDS2362,1
GDS2367,0
GDS2373,0
GDS2391,0
GDS2412,0
GDS2414,0
GDS2422,0
GDS2470,0
GDS2484,0
GDS2486,0
GDS2489,0
GDS2501,0
GDS2516,1
GDS2519,0
GDS2520,0
GDS253,2
GDS254,0
GDS2545,5
GDS2546,0
GDS2547,1
GDS2552,0
GDS2577,0
GDS2604,0
GDS2609,0
GDS2617,2
GDS2622,0
GDS2623,0
GDS2626,0
GDS264,0
GDS2643,1
GDS2649,0
GDS2654,0
GDS2655,0
GDS2656,0
GDS2657,1
GDS266,2
GDS2666,0
GDS2673,0
GDS2676,0
GDS2678,0
GDS268,4
GDS2688,0
GDS2697,0
GDS2715,0
GDS2718,0
GDS2719,0
GDS273,0
GDS2733,0
GDS2736,1
GDS274,0
GDS2744,0
GDS2758,2
GDS2760,0
GDS2765,0
GDS2771,1
GDS2777,0
GDS2778,0
GDS2781,0
GDS2782,0
GDS279,0
GDS2795,0
GDS2803,0
GDS281,0
GDS2825,0
GDS2842,0
GDS2846,0
GDS285,0
GDS2852,0
GDS2854,0
GDS286,0
GDS2863,0
GDS287,2
GDS288,0
GDS2908,0
GDS292,0
GDS2937,0
GDS2946,0
GDS2960,1
GDS3002,0
GDS3005,0
GDS3011,0
GDS3032,0
GDS3044,0
GDS3087,0
GDS3126,0
GDS3128,0
GDS3129,0
GDS3132,0
GDS3139,0
GDS3149,0
GDS3162,0
GDS318,0
GDS3197,0
GDS3215,1
GDS3216,0
GDS3217,0
GDS3221,0
GDS3225,0
GDS3257,0
GDS3283,0
GDS3289,1
GDS3295,0
GDS331,0
GDS3323,0
GDS3360,0
GDS339,0
GDS3395,0
GDS340,0
GDS3407,0
GDS3421,0
GDS3426,0
GDS3428,0
GDS3442,0
GDS3459,0
GDS3464,1
GDS3476,0
GDS3485,0
GDS3505,1
GDS3518,0
GDS352,0
GDS3521,0
GDS3538,0
GDS3556,0
GDS356,0
GDS3561,0
GDS3579,0
GDS3592,2
GDS3595,0
GDS3603,0
GDS3605,0
GDS3610,0
GDS362,0
GDS3622,0
GDS3623,0
GDS3627,0
GDS3639,0
GDS3640,0
GDS3644,0
GDS3646,0
GDS3648,0
GDS365,0
GDS3661,1
GDS3663,0
GDS3672,0
GDS3689,0
GDS3690,0
GDS3692,0
GDS3702,0
GDS3703,0
GDS3707,0
GDS3715,2
GDS3716,3
GDS3719,0
GDS3729,0
GDS3785,0
GDS38,0
GDS388,0
GDS389,0
GDS390,0
GDS3930,0
GDS395,0
GDS3958,0
GDS3966,0
GDS3995,0
GDS402,0
GDS4028,0
GDS417,0
GDS422,2
GDS427,0
GDS430,0
GDS4321,0
GDS4337,0
GDS44,0
GDS4484,0
GDS465,1
GDS472,2
GDS473,0
GDS486,0
GDS505,0
GDS5055,0
GDS5056,0
GDS5057,0
GDS511,0
GDS516,0
GDS520,0
GDS523,0
GDS531,3
GDS534,4
GDS535,0
GDS536,0
GDS538,0
GDS539,0
GDS540,0
GDS558,0
GDS563,1
GDS564,2
GDS565,0
GDS568,0
GDS578,0
GDS586,0
GDS589,1
GDS592,5
GDS594,0
GDS596,17
GDS599,0
GDS6,1
GDS604,0
GDS606,0
GDS607,0
GDS61,0
GDS649,0
GDS660,1
GDS662,0
GDS666,0
GDS672,0
GDS680,1
GDS69,0
GDS690,1
GDS700,0
GDS704,0
GDS711,1
GDS715,0
GDS724,1
GDS737,0
GDS744,0
GDS749,0
GDS75,0
GDS751,0
GDS756,1
GDS759,0
GDS760,0
GDS77,0
GDS770,0
GDS772,0
GDS78,0
GDS80,0
GDS810,3
GDS817,0
GDS820,1
GDS825,0
GDS829,0
GDS834,0
GDS854,1
GDS855,1
GDS858,0
GDS877,0
GDS88,0
GDS885,2
GDS89,0
GDS900,0
GDS912,0
GDS914,2
GDS915,0
GDS92,0
GDS946,0
GDS948,0
GDS955,0
GDS958,1
GDS961,0
GDS963,1
GDS968,0
GDS972,3
GDS987,0
GDS999,2
GPE1,0
GPE39,0
GPL1,17
GPL10,0
GPL10007,0
GPL10039,0
GPL10067,0
GPL10081,1
GPL10094,0
GPL1010,0
GPL1012,1
GPL1013,1
GPL10162,0
GPL10171,0
GPL10183,0
GPL10248,0
GPL10302,0
GPL10319,0
GPL10320,0
GPL10333,0
GPL1037,0
GPL104,0
GPL10419,0
GPL10522,0
GPL1053,0
GPL10532,0
GPL10539,2
GPL10556,0
GPL10558,1
GPL10679,1
GPL10706,1
GPL1073,1
GPL10739,0
GPL1074,1
GPL10758,0
GPL1077,0
GPL10837,0
GPL10900,0
GPL10908,0
GPL10928,0
GPL11,1
GPL11154,0
GPL11158,0
GPL11184,0
GPL11232,0
GPL11239,0
GPL11258,0
GPL11271,0
GPL11278,1
GPL11330,0
GPL11372,0
GPL11532,0
GPL1197,0
GPL12,0
GPL1209,0
GPL1212,1
GPL1225,0
GPL1261,22
GPL127,0
GPL128,0
GPL1289,0
GPL1290,0
GPL1299,0
GPL1319,0
GPL13192,0
GPL1320,0
GPL13209,0
GPL1322,0
GPL13233,0
GPL13263,0
GPL13276,0
GPL1340,0
GPL13426,0
GPL13443,1
GPL13527,0
GPL13534,1
GPL1355,2
GPL1376,0
GPL13779,0
GPL13782,0
GPL1384,1
GPL1390,3
GPL1391,0
GPL13912,2
GPL13934,1
GPL13936,0
GPL1396,0
GPL13968,0
GPL14111,0
GPL14121,0
GPL14184,1
GPL14372,0
GPL144,0
GPL1444,1
GPL1461,0
GPL14633,0
GPL14736,0
GPL14756,0
GPL1479,0
GPL14824,0
GPL1485,2
GPL14856,0
GPL14862,0
GPL14876,0
GPL14890,0
GPL14896,0
GPL14925,0
GPL14995,0
GPL15033,0
GPL15057,0
GPL15104,0
GPL15124,2
GPL15137,0
GPL1528,1
GPL15314,0
GPL15323,0
GPL15369,0
GPL15478,0
GPL15631,0
GPL15648,0
GPL15718,0
GPL15765,0
GPL158,0
GPL15827,0
GPL15840,3
GPL16012,1
GPL16124,0
GPL16165,0
GPL162,1
GPL1624,0
GPL16244,0
GPL16290,0
GPL16316,0
GPL16317,0
GPL16450,0
GPL16482,0
GPL16524,4
GPL16571,0
GPL16709,0
GPL16784,0
GPL16890,0
GPL16977,0
GPL1708,3
GPL17098,0
GPL17177,0
GPL17188,0
GPL1731,4
GPL1737,0
GPL174,0
GPL1742,0
GPL1744,0
GPL1752,0
GPL17540,0
GPL1756,0
GPL176,0
GPL17677,0
GPL17781,0
GPL17851,0
GPL1786,0
GPL17964,0
GPL180,0
GPL18217,0
GPL1829,0
GPL1832,0
GPL1834,0
GPL18356,0
GPL1836,0
GPL18384,0
GPL18522,0
GPL18530,0
GPL1854,0
GPL18543,0
GPL18617,0
GPL18778,0
GPL1880,0
GPL1881,0
GPL18864,0
GPL18893,0
GPL189,0
GPL1901,0
GPL1902,0
GPL19030,0
GPL19078,0
GPL1914,0
GPL19234,0
GPL19370,0
GPL19458,0
GPL19567,0
GPL1961,0
GPL1972,0
GPL1977,1
GPL198,4
GPL1986,0
GPL199,0
GPL1996,0
GPL2,15
GPL20,1
GPL200,1
GPL2000,0
GPL2004,1
GPL2005,0
GPL201,0
GPL2011,1
GPL2023,0
GPL2025,7
GPL205,0
GPL206,0
GPL2094,0
GPL210,0
GPL2101,0
GPL21065,0
GPL2112,3
GPL21339,0
GPL213613,0
GPL218,1
GPL22016,0
GPL229,1
GPL23,0
GPL246,0
GPL2507,4
GPL2510,0
GPL2529,0
GPL2567,0
GPL257,0
GPL260,0
GPL2614,0
GPL2618,0
GPL2695,0
GPL2696,0
GPL2700,1
GPL2716,0
GPL273,0
GPL2731,0
GPL2750,0
GPL2828,0
GPL285,0
GPL2853,1
GPL2863,2
GPL2864,1
GPL2877,0
GPL2879,0
GPL2884,0
GPL2895,0
GPL2896,0
GPL2911,0
GPL2986,1
GPL3,29
GPL3015,1
GPL3034,1
GPL3076,0
GPL3110,0
GPL3154,1
GPL317,0
GPL3213,2
GPL3279,0
GPL3291,0
GPL3301,0
GPL3333,0
GPL336,0
GPL3365,0
GPL339,6
GPL340,0
GPL3429,0
GPL3433,0
GPL3461,0
GPL3533,3
GPL3538,0
GPL356,0
GPL3585,1
GPL3603,0
GPL3604,0
GPL3608,2
GPL3650,1
GPL366,0
GPL3677,0
GPL3689,0
GPL3707,0
GPL3715,1
GPL3729,2
GPL3797,2
GPL3799,0
GPL3810,1
GPL3830,0
GPL3844,0
GPL3921,1
GPL3922,0
GPL3968,1
GPL3991,1
GPL4,6
GPL4006,0
GPL4032,2
GPL4051,0
GPL4091,0
GPL4097,4
GPL4133,2
GPL4134,0
GPL4135,0
GPL4220,0
GPL4253,0
GPL4263,0
GPL4287,0
GPL4303,0
GPL4305,0
GPL432,0
GPL4349,0
GPL4359,0
GPL4412,0
GPL4423,0
GPL4475,0
GPL4559,0
GPL4566,0
GPL4592,0
GPL4603,0
GPL4635,0
GPL4652,0
GPL4688,0
GPL4723,0
GPL4741,0
GPL4808,0
GPL4980,0
GPL4993,3
GPL5,0
GPL5016,0
GPL5135,0
GPL5137,0
GPL5150,0
GPL517,0
GPL5175,0
GPL518,0
GPL5188,0
GPL5345,0
GPL5369,0
GPL5396,0
GPL542,0
GPL5423,0
GPL5474,0
GPL5480,4
GPL5530,0
GPL5622,0
GPL5624,0
GPL564,0
GPL566,0
GPL5667,0
GPL5673,0
GPL570,43
GPL571,6
GPL5725,0
GPL5731,0
GPL5734,0
GPL5737,0
GPL5751,2
GPL5874,0
GPL5876,0
GPL5918,0
GPL5921,0
GPL6,1
GPL6018,0
GPL6047,0
GPL6049,3
GPL6056,1
GPL6101,0
GPL6102,1
GPL6104,2
GPL6105,0
GPL6129,0
GPL6154,3
GPL6155,0
GPL6189,0
GPL6193,0
GPL6195,0
GPL6244,3
GPL6246,3
GPL6255,0
GPL6284,0
GPL6358,0
GPL6394,0
GPL6413,0
GPL6416,1
GPL6438,1
GPL6467,1
GPL6480,3
GPL6497,0
GPL6516,0
GPL6542,0
GPL6637,0
GPL6647,0
GPL6658,0
GPL6661,0
GPL6796,0
GPL6855,0
GPL6864,1
GPL6883,1
GPL6884,1
GPL6885,0
GPL6887,0
GPL6917,0
GPL6926,0
GPL6933,0
GPL6947,2
GPL6955,0
GPL6978,0
GPL70,0
GPL7091,0
GPL7098,0
GPL7137,1
GPL7150,0
GPL7151,1
GPL7160,0
GPL7198,0
GPL7202,2
GPL7221,1
GPL7231,0
GPL7252,0
GPL7275,0
GPL7282,0
GPL7294,1
GPL7351,0
GPL7435,1
GPL7440,0
GPL7441,0
GPL7467,0
GPL7472,0
GPL7515,0
GPL7555,0
GPL7654,0
GPL7701,0
GPL7704,0
GPL7735,0
GPL80,2
GPL8090,0
GPL81,4
GPL8161,0
GPL8178,0
GPL8199,0
GPL8227,1
GPL8249,0
GPL8300,3
GPL8321,1
GPL8326,0
GPL8329,0
GPL8370,0
GPL84,2
GPL8426,0
GPL8434,0
GPL8444,0
GPL8467,0
GPL8468,0
GPL8471,0
GPL8490,1
GPL85,2
GPL8542,0
GPL8569,0
GPL8582,0
GPL8593,1
GPL8647,0
GPL8673,0
GPL870,0
GPL8704,0
GPL8731,0
GPL8736,0
GPL884,0
GPL885,1
GPL8861,0
GPL887,5
GPL8887,0
GPL890,1
GPL8904,0
GPL891,0
GPL892,1
GPL8942,1
GPL9,0
GPL90,2
GPL9009,0
GPL9052,1
GPL91,10
GPL9115,2
GPL9118,0
GPL9143,0
GPL92,1
GPL9200,0
GPL9248,0
GPL9250,0
GPL93,0
GPL94,0
GPL9409,0
GPL9417,0
GPL9420,0
GPL9464,0
GPL95,0
GPL96,46
GPL9663,1
GPL967,0
GPL97,4
GPL9712,0
GPL9724,0
GPL9732,0
GPL977,0
GPL9777,0
GPL9788,0
GPL9796,0
GPL9797,0
GPL9798,0
GPL9804,0
GPL981,0
GPL9923,0
GPL9983,0
GPS000811,0
GPS1,31
GPS10,0
GPS11,2
GPS12,0
GPS2,32
GPS21,0
GPS3,2
GPS4,1
GPS5,1
GPS505,0
GPS6,1
GPS7,0
GPS761,0
GPS8,0
GPS9,0
GPS959,0
GSE02,0
GSE0261,0
GSE0262,0
GSE03,0
GSE04,0
GSE1,0
GSE10,0
GSE10005,0
GSE10008,0
GSE10017,0
GSE100172,0
GSE1002,0
GSE10021,0
GSE100245,0
GSE10026,0
GSE10036,3
GSE1004,4
GSE10045,0
GSE10055,0
GSE10056,0
GSE10064,0
GSE1007,1
GSE10071,0
GSE10072,11
GSE100744,0
GSE10082,0
GSE10083,1
GSE10114,0
GSE10122,0
GSE10124,0
GSE1013,0
GSE10133,0
GSE10135,0
GSE10138,0
GSE101408,0
GSE10141,0
GSE10150,0
GSE10151,0
GSE10160,0
GSE101652,0
GSE10172,0
GSE101882,0
GSE10195,0
GSE10196,0
GSE10201,0
GSE10204,2
GSE10212,0
GSE10213,0
GSE102152,0
GSE102163,0
GSE102167,0
GSE10220,0
GSE10222,0
GSE10244,1
GSE10245,4
GSE10246,16
GSE10247,0
GSE10251,0
GSE10254,0
GSE10255,0
GSE10256,1
GSE10259,0
GSE10272,0
GSE10277,0
GSE1028,0
GSE10281,1
GSE10282,0
GSE10285,0
GSE10302,0
GSE10310,0
GSE10315,1
GSE10320,0
GSE10325,1
GSE10327,1
GSE10328,0
GSE10358,3
GSE10360,0
GSE10362,0
GSE10364,0
GSE1037,5
GSE10373,2
GSE10380,0
GSE10389,0
GSE1040,0
GSE10405,0
GSE10407,0
GSE1041,0
GSE10433,0
GSE10437,6
GSE10438,0
GSE10442,0
GSE10445,1
GSE10446,0
GSE10447,0
GSE10474,0
GSE10511,0
GSE10515,0
GSE10516,0
GSE10518,0
GSE1056,1
GSE10562,0
GSE10564,0
GSE10571,0
GSE10577,0
GSE10585,0
GSE10586,0
GSE10587,0
GSE10588,1
GSE10599,0
GSE10604,0
GSE10605,0
GSE10629,0
GSE10636,1
GSE10644,0
GSE10646,0
GSE10650,1
GSE10653,0
GSE10656,0
GSE10657,0
GSE10659,0
GSE10666,0
GSE10667,1
GSE10681,1
GSE10694,0
GSE10695,0
GSE10715,0
GSE1073,0
GSE10730,0
GSE10732,0
GSE10736,0
GSE10760,1
GSE10769,0
GSE10770,0
GSE10774,0
GSE10778,1
GSE10780,5
GSE10782,1
GSE10785,0
GSE10790,0
GSE10792,1
GSE10794,1
GSE10796,0
GSE10797,3
GSE10800,0
GSE10806,0
GSE10810,1
GSE10829,1
GSE10843,0
GSE10846,3
GSE10848,0
GSE10849,1
GSE10856,1
GSE10862,0
GSE10874,0
GSE10890,0
GSE10898,0
GSE10906,0
GSE10908,0
GSE10911,0
GSE10912,0
GSE10921,0
GSE10927,0
GSE1093,1
GSE10950,1
GSE10954,1
GSE10957,0
GSE10960,0
GSE10964,0
GSE1097,0
GSE10971,0
GSE11,0
GSE11003,0
GSE11007,0
GSE11011,1
GSE11014,1
GSE11017,0
GSE11019,1
GSE11024,2
GSE11025,1
GSE11040,0
GSE11045,2
GSE11057,2
GSE11058,0
GSE11062,0
GSE1107,0
GSE11074,1
GSE11075,0
GSE11086,2
GSE11089,0
GSE11094,1
GSE11103,1
GSE11110,0
GSE11113,0
GSE11120,0
GSE11121,19
GSE11122,0
GSE11135,0
GSE11138,0
GSE11141,0
GSE11150,0
GSE11151,1
GSE11172,2
GSE11186,0
GSE11190,3
GSE11193,0
GSE11196,1
GSE11207,0
GSE1121,1
GSE11217,0
GSE1122,0
GSE11223,3
GSE11233,0
GSE11245,0
GSE11246,0
GSE11251,0
GSE11258,0
GSE11269,0
GSE11281,0
GSE11282,0
GSE11289,0
GSE11290,0
GSE11291,0
GSE11292,0
GSE11316,0
GSE11318,2
GSE1132,0
GSE11324,5
GSE11327,0
GSE1133,33
GSE11339,0
GSE11341,0
GSE11342,2
GSE11344,1
GSE11352,5
GSE11362,0
GSE11365,0
GSE11367,0
GSE11375,1
GSE1138,0
GSE11393,0
GSE11406,1
GSE11410,0
GSE11419,0
GSE11422,0
GSE11428,0
GSE11430,0
GSE11431,16
GSE11448,0
GSE1145,4
GSE11450,0
GSE11452,0
GSE11461,0
GSE1147,0
GSE11472,0
GSE1148,0
GSE11482,0
GSE11486,1
GSE11487,0
GSE11492,0
GSE11497,0
GSE11504,0
GSE11508,3
GSE11516,1
GSE1152,0
GSE11521,0
GSE11524,0
GSE11535,0
GSE11539,2
GSE11546,0
GSE1158,1
GSE11588,0
GSE1159,5
GSE11590,0
GSE11611,1
GSE11618,0
GSE11619,0
GSE11623,0
GSE11624,3
GSE11625,0
GSE11657,0
GSE11663,0
GSE11670,0
GSE11676,0
GSE11681,0
GSE11689,0
GSE11690,0
GSE11693,0
GSE11721,0
GSE11724,3
GSE11725,0
GSE11738,0
GSE11750,0
GSE11754,0
GSE11761,0
GSE11774,0
GSE11783,0
GSE11787,2
GSE11788,0
GSE11791,1
GSE11799,0
GSE11806,0
GSE11834,0
GSE11837,0
GSE11842,0
GSE11848,0
GSE11850,1
GSE11853,0
GSE11857,0
GSE11859,0
GSE11862,0
GSE11864,0
GSE11871,0
GSE11877,0
GSE11879,1
GSE11880,0
GSE11882,2
GSE11892,0
GSE11897,0
GSE11903,1
GSE11904,0
GSE11906,0
GSE11907,0
GSE11908,1
GSE11921,0
GSE11922,0
GSE11923,0
GSE11930,0
GSE11936,0
GSE11942,0
GSE11963,0
GSE11966,0
GSE11967,0
GSE11969,4
GSE11970,0
GSE11972,0
GSE11974,0
GSE11976,3
GSE11977,0
GSE11983,0
GSE11990,0
GSE12007,0
GSE12019,0
GSE12031,0
GSE12034,0
GSE12037,0
GSE12050,0
GSE12056,1
GSE12064,0
GSE12079,1
GSE12093,2
GSE121,0
GSE12100,0
GSE12109,1
GSE12116,0
GSE12118,0
GSE12121,0
GSE12129,0
GSE12150,0
GSE12152,0
GSE12153,0
GSE12160,0
GSE12172,1
GSE12178,0
GSE12193,0
GSE12195,3
GSE12196,0
GSE12199,0
GSE12203,0
GSE12208,0
GSE12212,0
GSE12236,3
GSE12241,9
GSE12248,0
GSE12251,1
GSE12259,0
GSE12278,0
GSE12289,0
GSE12290,0
GSE12298,0
GSE12300,0
GSE12314,0
GSE12319,1
GSE12327,0
GSE12339,0
GSE12346,0
GSE12348,1
GSE12372,0
GSE12415,0
GSE12417,4
GSE12420,0
GSE12425,0
GSE12442,1
GSE12453,0
GSE12459,0
GSE12460,2
GSE12462,1
GSE12464,0
GSE12466,0
GSE12470,0
GSE12471,0
GSE12499,0
GSE12508,1
GSE12515,0
GSE12526,0
GSE12527,0
GSE12528,0
GSE12545,0
GSE12546,1
GSE12550,1
GSE12553,0
GSE12576,0
GSE12578,0
GSE12579,0
GSE12591,0
GSE12604,0
GSE12628,0
GSE12630,0
GSE12632,0
GSE12636,0
GSE12638,1
GSE12640,1
GSE12654,1
GSE12662,0
GSE12667,1
GSE12668,0
GSE12685,1
GSE12687,0
GSE12704,0
GSE12705,0
GSE12711,0
GSE12727,0
GSE12734,0
GSE12736,0
GSE12737,0
GSE12757,0
GSE1276,0
GSE12769,2
GSE12777,1
GSE12779,0
GSE12781,0
GSE12782,1
GSE12783,0
GSE12790,0
GSE12792,0
GSE12817,0
GSE12832,0
GSE12835,0
GSE12837,1
GSE12887,0
GSE12889,1
GSE12891,1
GSE12896,0
GSE12930,0
GSE12941,0
GSE12945,2
GSE12946,7
GSE1295,0
GSE1296,0
GSE12962,0
GSE1297,8
GSE12991,0
GSE13,1
GSE13009,3
GSE1301,0
GSE13011,0
GSE13015,0
GSE13041,3
GSE13043,3
GSE13047,0
GSE13059,0
GSE13067,0
GSE13069,0
GSE13070,0
GSE13072,3
GSE13083,0
GSE13084,0
GSE13093,0
GSE13098,0
GSE13099,0
GSE13103,0
GSE13109,0
GSE1311,0
GSE1312,0
GSE13126,0
GSE1313,0
GSE13136,0
GSE13149,4
GSE13150,1
GSE13152,0
GSE13156,0
GSE13159,5
GSE13161,1
GSE13162,1
GSE13175,0
GSE1319,0
GSE13195,1
GSE13204,0
GSE13206,0
GSE13207,0
GSE13210,0
GSE13212,0
GSE13213,0
GSE13251,0
GSE13257,0
GSE13277,0
GSE13278,0
GSE13292,0
GSE13294,0
GSE13297,1
GSE13303,0
GSE13322,0
GSE13325,0
GSE13330,0
GSE13333,0
GSE13339,1
GSE13344,0
GSE13355,9
GSE13361,0
GSE13370,0
GSE13372,2
GSE13373,1
GSE13379,1
GSE13381,0
GSE13384,0
GSE13385,0
GSE13386,0
GSE13387,0
GSE13394,0
GSE13415,0
GSE13447,0
GSE13460,0
GSE13471,0
GSE13474,0
GSE13483,0
GSE1349,0
GSE13507,2
GSE13511,0
GSE13513,2
GSE13517,1
GSE13518,0
GSE13520,0
GSE13528,0
GSE13564,0
GSE13570,0
GSE1358,0
GSE13580,0
GSE1359,0
GSE13590,0
GSE13602,1
GSE13604,0
GSE13605,0
GSE13613,0
GSE13615,0
GSE13620,0
GSE13622,1
GSE13625,0
GSE13652,2
GSE13671,0
GSE1368,0
GSE13688,0
GSE13696,0
GSE13732,0
GSE13733,0
GSE13735,0
GSE13744,0
GSE13745,0
GSE13746,0
GSE13750,3
GSE13752,0
GSE13761,0
GSE13769,0
GSE1378,1
GSE1379,0
GSE13791,0
GSE13792,0
GSE13801,1
GSE13805,0
GSE13814,0
GSE13828,0
GSE13834,0
GSE13837,0
GSE13850,0
GSE13861,0
GSE13876,4
GSE13883,0
GSE13898,0
GSE13903,0
GSE13904,0
GSE13909,0
GSE13910,0
GSE13911,1
GSE13921,1
GSE13924,0
GSE13948,0
GSE139631,0
GSE1397,2
GSE13986,0
GSE13988,1
GSE13990,4
GSE14,1
GSE14012,1
GSE1402,1
GSE14038,0
GSE1404,0
GSE1406,0
GSE14062,0
GSE14073,0
GSE14075,0
GSE14077,0
GSE14079,0
GSE14083,0
GSE14085,0
GSE14095,0
GSE14097,0
GSE14103,0
GSE1413,3
GSE1419,1
GSE1420,3
GSE14203,0
GSE14207,0
GSE14227,1
GSE14235,0
GSE14247,0
GSE14254,0
GSE14256,0
GSE14273,0
GSE14275,2
GSE14276,0
GSE14278,0
GSE14287,0
GSE14298,0
GSE14299,0
GSE14300,0
GSE14303,0
GSE14308,0
GSE1431,0
GSE14310,0
GSE14313,0
GSE14317,0
GSE1432,0
GSE14323,2
GSE14328,0
GSE14333,9
GSE14334,0
GSE14335,0
GSE14357,0
GSE14359,0
GSE14362,1
GSE1437,0
GSE14373,0
GSE14387,0
GSE14399,0
GSE14407,5
GSE14409,0
GSE14410,0
GSE14429,0
GSE14437,0
GSE14451,0
GSE14457,0
GSE14462,1
GSE14468,6
GSE14474,0
GSE14477,0
GSE14480,2
GSE14499,0
GSE14500,0
GSE14507,1
GSE14515,1
GSE14520,3
GSE14534,0
GSE14547,0
GSE14548,1
GSE14555,0
GSE1456,28
GSE14568,0
GSE1458,0
GSE14580,1
GSE1460,1
GSE1462,0
GSE14620,0
GSE14639,0
GSE14641,0
GSE14642,0
GSE14643,0
GSE14648,0
GSE14664,0
GSE14671,0
GSE14684,0
GSE14691,0
GSE14695,0
GSE14696,0
GSE14717,0
GSE14722,0
GSE14732,0
GSE14739,1
GSE14753,0
GSE14758,0
GSE14759,0
GSE14761,0
GSE14762,4
GSE14763,0
GSE14764,2
GSE14766,0
GSE14775,0
GSE14789,0
GSE1479,0
GSE14790,1
GSE14794,1
GSE1480,0
GSE14802,0
GSE14811,0
GSE14814,3
GSE14829,1
GSE14832,0
GSE14833,1
GSE14834,0
GSE14835,0
GSE14836,0
GSE14847,0
GSE1485,0
GSE14857,1
GSE1486,0
GSE14869,0
GSE14879,0
GSE14880,0
GSE14888,0
GSE14891,0
GSE14893,2
GSE14897,0
GSE14905,6
GSE1491,0
GSE14924,5
GSE14936,0
GSE14951,0
GSE14957,0
GSE14961,0
GSE14964,0
GSE14970,0
GSE14979,0
GSE14981,0
GSE14985,0
GSE14991,0
GSE14994,1
GSE14999,1
GSE15008,0
GSE15025,1
GSE15031,0
GSE15032,0
GSE15057,0
GSE15071,0
GSE15072,1
GSE15088,0
GSE1509,0
GSE1510,0
GSE15100,1
GSE15108,0
GSE15119,0
GSE15134,0
GSE15144,0
GSE15156,0
GSE15186,0
GSE15189,0
GSE15196,0
GSE15197,0
GSE15207,0
GSE15209,0
GSE15211,0
GSE15215,0
GSE15222,2
GSE15235,0
GSE15237,0
GSE15244,0
GSE15256,0
GSE15263,0
GSE15271,0
GSE15286,0
GSE15292,0
GSE15299,0
GSE15314,0
GSE1533,0
GSE15334,0
GSE15335,0
GSE15344,0
GSE15352,2
GSE15354,0
GSE15378,1
GSE15385,0
GSE15387,1
GSE15395,0
GSE15398,0
GSE15406,0
GSE15409,0
GSE15415,0
GSE1542,0
GSE15431,0
GSE15434,1
GSE15441,0
GSE15444,0
GSE15451,0
GSE15457,0
GSE15459,1
GSE15469,0
GSE15471,9
GSE15488,0
GSE15526,1
GSE15528,0
GSE15534,0
GSE1554,0
GSE15568,0
GSE15583,0
GSE15593,0
GSE15596,1
GSE1560,0
GSE1561,2
GSE15611,0
GSE15614,0
GSE15622,0
GSE15628,0
GSE1563,0
GSE15641,3
GSE15645,0
GSE15651,0
GSE15653,1
GSE15665,0
GSE15666,1
GSE1567,0
GSE15695,0
GSE15700,1
GSE15710,0
GSE15716,0
GSE1572,2
GSE1574,1
GSE15744,1
GSE15745,11
GSE15765,0
GSE15767,0
GSE15769,0
GSE1577,0
GSE15773,0
GSE15774,1
GSE15776,0
GSE15777,0
GSE15780,2
GSE15781,0
GSE15785,0
GSE15793,0
GSE15800,0
GSE15801,0
GSE15805,3
GSE1581,0
GSE15812,0
GSE15814,0
GSE15824,1
GSE15844,1
GSE15852,5
GSE15857,1
GSE15858,1
GSE15871,2
GSE15879,0
GSE15907,9
GSE15911,0
GSE15915,0
GSE15922,0
GSE15924,0
GSE15936,0
GSE15942,0
GSE15947,0
GSE15954,0
GSE15957,0
GSE15991,0
GSE15998,1
GSE16,0
GSE1600,1
GSE16000,0
GSE16011,4
GSE16013,0
GSE16023,0
GSE16025,0
GSE16028,0
GSE16029,0
GSE16031,0
GSE16032,0
GSE16040,0
GSE16050,0
GSE16064,0
GSE16067,0
GSE16078,0
GSE16087,0
GSE16088,0
GSE16091,0
GSE16098,0
GSE16102,0
GSE16115,0
GSE16129,0
GSE1615,0
GSE16155,0
GSE16159,0
GSE16160,0
GSE16162,0
GSE16177,0
GSE16179,1
GSE16182,0
GSE16190,2
GSE1623,1
GSE16235,0
GSE16237,6
GSE16256,10
GSE16265,0
GSE16334,2
GSE16338,0
GSE16341,0
GSE16344,0
GSE16346,0
GSE16347,0
GSE16348,0
GSE1635,1
GSE16354,0
GSE16368,0
GSE16375,1
GSE16382,0
GSE1639,1
GSE16397,0
GSE16400,0
GSE16415,0
GSE1642,3
GSE16422,1
GSE1643,0
GSE16441,0
GSE16443,0
GSE16444,0
GSE1645,1
GSE16461,0
GSE1647,0
GSE16488,0
GSE1650,4
GSE16514,0
GSE16515,10
GSE16524,0
GSE16534,0
GSE16538,1
GSE16544,2
GSE16546,0
GSE16558,1
GSE16567,0
GSE16568,0
GSE16569,0
GSE16572,0
GSE16579,2
GSE16589,0
GSE1659,1
GSE16627,0
GSE16629,0
GSE16632,0
GSE16633,0
GSE16642,0
GSE16645,0
GSE16648,2
GSE16651,0
GSE16654,0
GSE16673,3
GSE16715,0
GSE16716,0
GSE16717,0
GSE16720,0
GSE16721,0
GSE16723,0
GSE16727,0
GSE16731,0
GSE1674,1
GSE16746,0
GSE16754,0
GSE16759,2
GSE1676,1
GSE16768,0
GSE16773,2
GSE16780,0
GSE16783,2
GSE16785,2
GSE16786,2
GSE16793,0
GSE16799,0
GSE16836,1
GSE16849,0
GSE16855,0
GSE16859,0
GSE16865,0
GSE16879,0
GSE16893,0
GSE16894,1
GSE16895,0
GSE16896,1
GSE1690,1
GSE16902,0
GSE16912,0
GSE1692,1
GSE16921,0
GSE1693,0
GSE16959,1
GSE16969,0
GSE16971,0
GSE16980,0
GSE16986,0
GSE16997,2
GSE17025,1
GSE17026,0
GSE17027,0
GSE1703,0
GSE17036,0
GSE1705,0
GSE17054,1
GSE1706,0
GSE17064,0
GSE17067,0
GSE17075,0
GSE1710,0
GSE17107,1
GSE17108,0
GSE17118,0
GSE17123,0
GSE17126,0
GSE17135,0
GSE17136,0
GSE17153,0
GSE17156,0
GSE17159,0
GSE17184,0
GSE17189,0
GSE1719,0
GSE17191,0
GSE17197,0
GSE17203,0
GSE17205,0
GSE17206,0
GSE17207,0
GSE17208,0
GSE17210,0
GSE17215,0
GSE17223,2
GSE17226,0
GSE1723,0
GSE17230,3
GSE17235,0
GSE17245,0
GSE17246,0
GSE17247,0
GSE17250,0
GSE17251,0
GSE17259,0
GSE1726,0
GSE17260,2
GSE17262,0
GSE17267,1
GSE17274,0
GSE17280,0
GSE17281,0
GSE17285,0
GSE1729,0
GSE17298,0
GSE1730,1
GSE17303,0
GSE17304,0
GSE17306,1
GSE17309,0
GSE17311,0
GSE17312,1
GSE17316,0
GSE17319,0
GSE17320,0
GSE17337,0
GSE17339,0
GSE17343,0
GSE17349,0
GSE1735,1
GSE17354,0
GSE17364,0
GSE1739,0
GSE17398,0
GSE1740,0
GSE17400,0
GSE1741,0
GSE1742,0
GSE17420,0
GSE17428,0
GSE17439,0
GSE17445,0
GSE17448,1
GSE17479,0
GSE17492,0
GSE17502,0
GSE17503,0
GSE17505,0
GSE17515,0
GSE17529,0
GSE17536,2
GSE17537,1
GSE17538,4
GSE17539,0
GSE17554,1
GSE17555,0
GSE17571,0
GSE17610,0
GSE17612,2
GSE1762,0
GSE17624,0
GSE17637,0
GSE17648,0
GSE17654,0
GSE17681,0
GSE17700,0
GSE17705,0
GSE17708,1
GSE17716,0
GSE17721,2
GSE17725,0
GSE17741,0
GSE17752,0
GSE17754,0
GSE17768,0
GSE17769,0
GSE177708,0
GSE17778,0
GSE17785,0
GSE1779,0
GSE17793,0
GSE17796,0
GSE17815,0
GSE17846,0
GSE17855,0
GSE17856,1
GSE17868,0
GSE17883,0
GSE1789,0
GSE17891,0
GSE17892,0
GSE1790,0
GSE17906,0
GSE17907,0
GSE17912,0
GSE17913,3
GSE17916,0
GSE17917,2
GSE17920,2
GSE1794,0
GSE17945,0
GSE17949,0
GSE17951,3
GSE17954,1
GSE17955,0
GSE17959,0
GSE17965,1
GSE17970,0
GSE17972,1
GSE17974,0
GSE17978,1
GSE17979,0
GSE17985,0
GSE17996,0
GSE17997,0
GSE17998,0
GSE18,1
GSE18002,0
GSE18013,0
GSE18019,0
GSE18030,0
GSE18033,0
GSE18039,0
GSE18045,0
GSE18046,2
GSE18049,0
GSE18057,0
GSE18065,0
GSE18067,0
GSE18069,3
GSE18075,0
GSE18077,0
GSE18116,0
GSE18120,1
GSE18123,0
GSE18127,0
GSE1814,0
GSE18149,0
GSE1815,1
GSE18155,0
GSE18156,1
GSE18161,0
GSE18166,0
GSE18174,0
GSE1818,1
GSE18182,0
GSE18184,0
GSE18188,0
GSE18199,10
GSE18207,1
GSE18229,1
GSE18242,0
GSE18248,0
GSE18250,0
GSE18257,0
GSE1827,0
GSE18285,0
GSE18290,1
GSE18292,2
GSE18300,0
GSE18301,2
GSE18315,0
GSE18319,0
GSE18320,0
GSE18326,0
GSE18328,0
GSE18333,0
GSE18343,0
GSE18344,0
GSE18346,0
GSE18347,0
GSE18356,0
GSE18359,0
GSE18361,1
GSE18377,0
GSE18388,0
GSE18389,0
GSE18401,0
GSE18404,0
GSE18406,0
GSE18416,0
GSE1843,0
GSE18444,0
GSE18445,0
GSE18447,0
GSE18448,0
GSE18456,0
GSE18464,0
GSE18467,0
GSE18470,0
GSE18481,0
GSE18489,1
GSE18495,0
GSE18499,0
GSE18505,0
GSE18520,6
GSE18542,0
GSE18560,1
GSE18565,0
GSE1857,0
GSE18574,0
GSE18580,0
GSE18596,0
GSE18597,1
GSE186,0
GSE18620,0
GSE18625,0
GSE18630,0
GSE18634,0
GSE18641,0
GSE18651,0
GSE18653,0
GSE18684,1
GSE1869,1
GSE18699,0
GSE18700,1
GSE1871,0
GSE1872,1
GSE18720,0
GSE18723,0
GSE1873,2
GSE18732,3
GSE18753,0
GSE18764,0
GSE18766,0
GSE18776,1
GSE18781,0
GSE18799,1
GSE18805,0
GSE18806,0
GSE18822,0
GSE18832,0
GSE18838,0
GSE18840,1
GSE18842,8
GSE18851,1
GSE18861,0
GSE18864,3
GSE1887,0
GSE18878,0
GSE18887,0
GSE18915,0
GSE189199,0
GSE1892,0
GSE18927,3
GSE1893,0
GSE18939,0
GSE18941,0
GSE18958,0
GSE18963,0
GSE18968,0
GSE18978,0
GSE1898,0
GSE18985,0
GSE19001,0
GSE19003,0
GSE19007,0
GSE19012,0
GSE19013,0
GSE1902,0
GSE19020,0
GSE19024,3
GSE19027,0
GSE19035,0
GSE19036,0
GSE19041,0
GSE19042,0
GSE19044,0
GSE19049,0
GSE19053,0
GSE19054,1
GSE19060,0
GSE19067,0
GSE19069,0
GSE1907,1
GSE19076,0
GSE1909,0
GSE19090,1
GSE19109,0
GSE19114,0
GSE1912,1
GSE19126,0
GSE19140,0
GSE19146,0
GSE19147,0
GSE19152,0
GSE19154,1
GSE19163,0
GSE19165,0
GSE19166,1
GSE19167,0
GSE19172,1
GSE19175,0
GSE19177,0
GSE1918,0
GSE19188,9
GSE1919,1
GSE19195,0
GSE19198,0
GSE1922,2
GSE19229,0
GSE19232,0
GSE19234,0
GSE19236,0
GSE19239,1
GSE19246,1
GSE19272,0
GSE19274,0
GSE19275,2
GSE19293,0
GSE19297,0
GSE19301,0
GSE19302,0
GSE19314,0
GSE19320,0
GSE19323,0
GSE19325,1
GSE1933,0
GSE19338,0
GSE1934,0
GSE19350,1
GSE19355,0
GSE19365,0
GSE19368,0
GSE19369,0
GSE19371,0
GSE19372,0
GSE1938,0
GSE19380,0
GSE19395,0
GSE19398,0
GSE19399,0
GSE19407,1
GSE19409,0
GSE19418,0
GSE19420,0
GSE19426,0
GSE19429,0
GSE19430,0
GSE19440,0
GSE19446,0
GSE1945,1
GSE19456,0
GSE19465,2
GSE19469,0
GSE1947,1
GSE19473,0
GSE19474,0
GSE19480,4
GSE19486,0
GSE19491,0
GSE19492,0
GSE19493,0
GSE19503,0
GSE19520,0
GSE19536,1
GSE19562,0
GSE19567,0
GSE19578,1
GSE19580,0
GSE19584,0
GSE19585,0
GSE19587,1
GSE19599,0
GSE19602,0
GSE19606,0
GSE19615,1
GSE19617,0
GSE19622,0
GSE19628,0
GSE19636,0
GSE19642,0
GSE19650,1
GSE19662,1
GSE19667,1
GSE19668,0
GSE19669,0
GSE19682,0
GSE19694,1
GSE19701,0
GSE19704,0
GSE19709,0
GSE19711,9
GSE19713,0
GSE19726,0
GSE19728,4
GSE19729,0
GSE19733,0
GSE19735,0
GSE19737,0
GSE19743,0
GSE1975,0
GSE1977,0
GSE19780,0
GSE197824,0
GSE197825,0
GSE19783,6
GSE19784,0
GSE19804,7
GSE19806,0
GSE19812,0
GSE19814,0
GSE19829,2
GSE19830,2
GSE19833,1
GSE19836,1
GSE1984,1
GSE19844,0
GSE19854,0
GSE1986,2
GSE19866,0
GSE1987,0
GSE1988,1
GSE19881,0
GSE1990,2
GSE1991,0
GSE19912,0
GSE19915,0
GSE1992,2
GSE19921,0
GSE1993,1
GSE19937,0
GSE19955,0
GSE19968,1
GSE19974,0
GSE19983,0
GSE19988,0
GSE1999,0
GSE2000,0
GSE20000,0
GSE20012,0
GSE20027,1
GSE2003,0
GSE20030,0
GSE20038,0
GSE2004,4
GSE20042,0
GSE20044,0
GSE20048,0
GSE20050,0
GSE20056,0
GSE20060,0
GSE20061,0
GSE20067,1
GSE20072,0
GSE20080,1
GSE20099,0
GSE20112,0
GSE20113,0
GSE20116,0
GSE20121,0
GSE20123,0
GSE20141,1
GSE20145,0
GSE20146,0
GSE20150,0
GSE20152,0
GSE20153,2
GSE20154,0
GSE20156,0
GSE20161,0
GSE20164,0
GSE20168,0
GSE20177,0
GSE2018,0
GSE20181,2
GSE20186,0
GSE2019,0
GSE20194,5
GSE2020,1
GSE20200,0
GSE20203,0
GSE20210,0
GSE20236,0
GSE20242,2
GSE20248,0
GSE20249,0
GSE20257,0
GSE20267,0
GSE20270,0
GSE20271,1
GSE20277,0
GSE20286,0
GSE20290,0
GSE20291,4
GSE20292,0
GSE20295,1
GSE20297,0
GSE20301,0
GSE20307,0
GSE20309,0
GSE2031,0
GSE20313,0
GSE2032,0
GSE20320,1
GSE20327,1
GSE2034,34
GSE20342,0
GSE20346,0
GSE20347,1
GSE20348,0
GSE20363,0
GSE20367,0
GSE20369,0
GSE2037,0
GSE20384,2
GSE20403,0
GSE20412,0
GSE20414,0
GSE20418,0
GSE20419,0
GSE20436,0
GSE20437,0
GSE2044,0
GSE20442,0
GSE20448,0
GSE20478,0
GSE20486,0
GSE20493,0
GSE2052,1
GSE20524,0
GSE2053,0
GSE20530,0
GSE20538,0
GSE20548,0
GSE20552,0
GSE20565,1
GSE20590,0
GSE20592,0
GSE2060,0
GSE20605,0
GSE20617,1
GSE20630,0
GSE20634,0
GSE20645,0
GSE20659,0
GSE20664,0
GSE20685,0
GSE20706,0
GSE20709,0
GSE20711,1
GSE20712,0
GSE20713,0
GSE20719,0
GSE20746,0
GSE20748,1
GSE20749,0
GSE2075,3
GSE20752,1
GSE20753,0
GSE20757,0
GSE20806,0
GSE2082,0
GSE20846,1
GSE20851,3
GSE20857,0
GSE20871,0
GSE20877,0
GSE2088,2
GSE20884,0
GSE20889,0
GSE20892,0
GSE20895,1
GSE20898,3
GSE20938,0
GSE20942,0
GSE20947,0
GSE20954,1
GSE2096,0
GSE20966,2
GSE20972,0
GSE20981,0
GSE20990,0
GSE21,0
GSE210011,0
GSE21005,0
GSE21007,0
GSE21008,0
GSE21010,0
GSE21031,0
GSE21032,7
GSE21034,6
GSE21036,6
GSE21040,0
GSE21043,0
GSE21048,0
GSE21052,0
GSE21053,0
GSE21059,0
GSE21060,0
GSE21072,0
GSE21078,1
GSE21086,0
GSE2109,23
GSE21092,0
GSE21096,0
GSE21105,0
GSE2111,0
GSE21136,0
GSE21138,1
GSE21159,0
GSE21166,0
GSE21171,0
GSE21210,1
GSE21212,1
GSE21224,0
GSE21229,0
GSE21232,0
GSE21234,0
GSE21241,0
GSE21260,0
GSE21264,1
GSE21279,1
GSE21283,0
GSE21303,0
GSE21307,0
GSE2131,0
GSE21314,1
GSE21317,0
GSE21318,0
GSE21319,0
GSE21334,0
GSE21335,0
GSE21337,0
GSE2134,0
GSE21344,3
GSE21347,0
GSE21349,0
GSE21354,3
GSE21366,0
GSE21372,0
GSE21374,0
GSE21396,0
GSE21397,0
GSE21402,0
GSE21415,0
GSE21422,0
GSE21439,0
GSE2144,1
GSE21442,0
GSE21479,0
GSE21480,1
GSE21481,0
GSE21483,0
GSE21488,1
GSE2149,0
GSE21501,0
GSE21503,0
GSE21510,2
GSE21512,2
GSE21513,0
GSE21520,0
GSE21529,0
GSE21544,0
GSE2155,1
GSE21571,0
GSE21577,0
GSE21578,0
GSE21580,0
GSE21601,0
GSE2161,0
GSE21610,0
GSE21614,0
GSE21621,0
GSE21627,0
GSE21630,1
GSE21638,1
GSE21653,1
GSE21654,0
GSE21660,0
GSE21667,0
GSE21668,0
GSE21670,0
GSE21671,0
GSE21673,1
GSE21679,0
GSE21687,2
GSE21689,0
GSE2169,0
GSE2171,0
GSE21712,0
GSE21713,0
GSE2172,0
GSE21721,0
GSE21729,0
GSE21739,1
GSE21746,0
GSE21749,0
GSE21752,0
GSE2176,0
GSE21762,0
GSE2178,0
GSE21784,0
GSE2180,0
GSE21807,0
GSE21808,0
GSE21811,0
GSE21840,0
GSE21847,0
GSE21849,0
GSE21860,0
GSE21861,0
GSE21868,2
GSE21869,1
GSE21870,0
GSE21877,0
GSE2189,0
GSE21894,0
GSE21895,0
GSE21907,0
GSE21908,0
GSE2191,1
GSE21914,1
GSE21918,0
GSE2192,2
GSE2193,0
GSE21935,0
GSE21942,1
GSE21946,0
GSE21950,0
GSE21953,0
GSE21966,1
GSE21971,0
GSE21975,0
GSE21978,0
GSE21988,1
GSE22004,1
GSE22026,0
GSE22035,0
GSE22041,0
GSE22042,0
GSE22045,0
GSE22048,0
GSE22058,2
GSE22068,1
GSE22069,0
GSE22070,0
GSE22073,0
GSE22077,0
GSE22078,3
GSE22089,0
GSE22093,1
GSE22095,0
GSE22098,0
GSE22100,0
GSE22112,0
GSE22116,0
GSE22123,0
GSE22133,0
GSE22138,0
GSE22149,0
GSE22161,0
GSE22162,0
GSE22178,0
GSE22182,0
GSE22186,0
GSE2220,0
GSE22207,0
GSE22215,0
GSE22216,1
GSE22219,0
GSE22220,2
GSE2223,0
GSE2224,0
GSE22242,0
GSE22244,0
GSE2225,0
GSE22255,0
GSE22261,0
GSE22263,0
GSE22270,0
GSE22276,0
GSE2228,1
GSE22315,0
GSE22330,0
GSE22356,0
GSE22358,0
GSE22376,0
GSE22390,0
GSE22393,1
GSE22398,0
GSE22399,0
GSE2240,1
GSE22410,0
GSE22423,0
GSE22432,0
GSE22437,0
GSE2246,0
GSE22470,2
GSE2248,0
GSE22486,0
GSE22505,0
GSE22514,0
GSE22529,0
GSE2254,0
GSE22562,0
GSE22570,0
GSE22572,0
GSE22585,0
GSE2259,0
GSE22625,0
GSE2263,0
GSE22639,0
GSE2264,1
GSE22649,0
GSE22653,0
GSE22675,0
GSE22693,0
GSE2276,0
GSE22762,0
GSE22785,0
GSE2280,3
GSE22820,0
GSE22821,0
GSE22830,4
GSE22854,0
GSE22866,0
GSE22867,0
GSE22881,0
GSE22882,0
GSE22886,6
GSE22895,1
GSE22918,0
GSE22922,0
GSE22939,0
GSE2296,0
GSE22964,0
GSE22968,0
GSE22970,0
GSE22978,0
GSE22981,0
GSE230003,0
GSE23003,0
GSE23004,0
GSE23006,0
GSE2302,0
GSE23020,0
GSE23022,1
GSE23026,0
GSE23031,0
GSE23035,0
GSE23042,0
GSE23067,0
GSE23070,0
GSE23071,0
GSE23090,0
GSE23092,0
GSE23093,0
GSE23120,0
GSE2316,0
GSE23162,0
GSE23163,0
GSE23174,0
GSE23182,0
GSE23203,0
GSE23204,0
GSE23217,1
GSE2328,0
GSE23292,0
GSE2331,0
GSE23316,3
GSE23328,0
GSE23337,0
GSE23343,0
GSE23351,0
GSE2336,0
GSE23371,0
GSE23376,0
GSE23393,0
GSE23400,2
GSE23402,0
GSE23408,0
GSE23424,0
GSE2343,0
GSE23436,0
GSE23438,0
GSE23449,0
GSE2350,6
GSE23512,0
GSE23537,0
GSE23543,0
GSE23554,0
GSE23563,0
GSE23576,0
GSE2359,0
GSE23593,0
GSE23596,0
GSE23599,0
GSE2360,0
GSE2361,13
GSE23637,0
GSE2366,0
GSE23662,0
GSE23667,0
GSE23676,0
GSE23694,2
GSE23697,0
GSE2370,0
GSE23701,1
GSE2371,0
GSE2372,0
GSE23720,0
GSE23726,0
GSE23730,1
GSE23739,0
GSE2375,0
GSE23762,0
GSE23784,0
GSE23785,0
GSE23789,0
GSE2379,2
GSE23795,1
GSE23839,0
GSE23852,0
GSE23865,1
GSE2387,0
GSE23878,2
GSE23881,0
GSE23889,2
GSE23893,0
GSE23895,0
GSE23906,1
GSE23918,0
GSE2392,0
GSE23920,0
GSE23928,0
GSE23938,0
GSE23943,0
GSE23949,1
GSE2395,3
GSE23961,0
GSE23977,0
GSE23978,0
GSE2398,0
GSE23980,0
GSE23985,0
GSE23988,0
GSE2399,0
GSE24005,0
GSE24006,2
GSE2401,1
GSE24016,0
GSE24017,1
GSE2402,0
GSE24023,0
GSE24050,0
GSE24061,0
GSE24080,1
GSE24101,0
GSE24111,0
GSE24115,2
GSE24117,0
GSE24131,0
GSE24147,0
GSE24152,0
GSE24156,0
GSE24164,1
GSE24166,1
GSE24178,0
GSE24182,0
GSE24196,0
GSE24207,0
GSE24212,0
GSE24217,0
GSE2423,0
GSE24235,0
GSE24237,1
GSE24251,0
GSE2426,0
GSE24261,0
GSE24266,0
GSE24277,1
GSE24279,0
GSE24283,1
GSE2429,0
GSE2431,1
GSE24314,0
GSE24349,0
GSE24352,0
GSE24356,0
GSE24363,0
GSE24367,0
GSE24399,2
GSE24419,0
GSE2443,2
GSE24436,0
GSE24447,0
GSE24457,0
GSE24459,0
GSE24465,0
GSE24470,0
GSE24484,0
GSE2451,0
GSE24511,0
GSE24513,0
GSE24514,0
GSE24518,0
GSE24521,0
GSE24531,0
GSE24534,0
GSE24537,0
GSE24538,0
GSE24540,0
GSE24546,0
GSE24549,1
GSE24550,2
GSE24551,0
GSE24565,2
GSE24608,0
GSE24622,1
GSE24634,1
GSE24637,0
GSE2466,2
GSE24674,1
GSE24682,0
GSE24685,0
GSE2470,1
GSE24700,0
GSE24707,0
GSE24709,0
GSE24711,0
GSE24712,0
GSE24729,0
GSE2473,2
GSE24739,1
GSE24754,0
GSE24759,6
GSE24767,1
GSE24779,0
GSE24781,0
GSE24784,0
GSE24792,0
GSE24805,0
GSE24810,0
GSE24822,0
GSE24839,0
GSE24840,0
GSE24843,0
GSE24850,1
GSE24872,0
GSE24887,0
GSE24888,0
GSE24889,0
GSE2489,0
GSE24921,0
GSE24925,0
GSE24936,0
GSE24952,0
GSE24967,0
GSE24999,0
GSE2500,0
GSE25002,0
GSE25005,0
GSE2501,0
GSE25016,0
GSE25021,0
GSE25030,2
GSE25038,0
GSE2504,0
GSE25044,0
GSE25055,1
GSE25062,0
GSE25065,1
GSE25066,3
GSE25074,0
GSE2508,1
GSE25082,1
GSE25087,0
GSE25088,0
GSE25097,0
GSE25104,1
GSE25115,0
GSE25133,3
GSE2514,3
GSE25161,0
GSE25163,0
GSE25183,1
GSE2520,0
GSE25206,0
GSE2521,0
GSE25219,2
GSE25236,0
GSE25245,0
GSE25250,0
GSE25260,0
GSE2528,2
GSE25286,0
GSE25290,0
GSE25301,0
GSE25305,0
GSE25308,5
GSE25310,0
GSE2535,1
GSE2538,0
GSE25395,0
GSE25400,0
GSE25402,0
GSE25406,0
GSE25410,0
GSE25432,1
GSE25450,0
GSE25455,0
GSE25482,0
GSE25487,0
GSE2549,2
GSE25496,0
GSE25497,0
GSE25507,0
GSE25511,0
GSE2552,0
GSE2553,0
GSE25532,1
GSE25533,0
GSE25534,0
GSE25542,1
GSE25550,0
GSE25554,0
GSE25577,1
GSE25585,0
GSE25622,0
GSE25625,0
GSE2564,3
GSE25644,1
GSE2565,0
GSE25652,0
GSE25656,1
GSE25684,0
GSE25686,0
GSE25689,0
GSE25692,0
GSE25711,0
GSE25715,0
GSE25721,0
GSE25723,0
GSE25724,0
GSE25759,0
GSE25821,0
GSE25836,0
GSE25844,0
GSE25849,0
GSE2585,0
GSE25868,0
GSE25869,0
GSE25882,0
GSE25883,0
GSE25892,0
GSE25901,0
GSE25905,0
GSE25906,0
GSE25913,0
GSE2592,1
GSE25926,0
GSE2593,1
GSE25933,0
GSE2594,0
GSE25945,0
GSE26024,1
GSE2603,5
GSE26032,0
GSE26033,0
GSE26036,0
GSE2604,0
GSE26049,0
GSE26074,0
GSE26083,0
GSE26087,0
GSE26089,1
GSE26091,0
GSE26100,0
GSE26109,0
GSE26115,0
GSE26116,0
GSE26125,0
GSE26126,1
GSE26133,2
GSE26160,0
GSE26170,0
GSE26171,0
GSE26189,0
GSE26193,2
GSE26199,1
GSE26207,0
GSE26208,0
GSE26210,0
GSE26211,0
GSE26212,0
GSE26230,0
GSE26235,0
GSE2624,0
GSE26244,0
GSE26251,0
GSE26255,0
GSE26265,0
GSE2628,1
GSE26280,1
GSE26284,4
GSE26286,1
GSE26299,0
GSE26300,0
GSE26302,0
GSE26312,4
GSE26320,2
GSE26328,0
GSE26329,0
GSE2634,0
GSE26341,0
GSE26345,1
GSE26349,0
GSE26362,0
GSE26375,1
GSE2638,0
GSE2639,2
GSE26412,0
GSE2642,0
GSE26428,0
GSE26440,0
GSE26444,0
GSE26452,0
GSE26463,0
GSE26483,0
GSE26487,0
GSE26493,0
GSE26500,0
GSE26501,1
GSE26518,0
GSE26519,0
GSE26522,0
GSE26525,0
GSE26526,1
GSE26533,0
GSE26541,0
GSE2655,0
GSE26561,1
GSE26562,0
GSE26563,0
GSE26564,0
GSE26565,0
GSE26572,0
GSE26577,0
GSE26586,0
GSE26588,0
GSE26589,0
GSE26592,0
GSE26602,0
GSE26604,0
GSE26605,1
GSE26633,0
GSE26639,0
GSE2665,0
GSE26659,0
GSE2666,0
GSE26664,0
GSE26673,0
GSE26710,0
GSE26712,7
GSE26715,0
GSE2672,0
GSE26734,0
GSE26736,0
GSE26744,0
GSE26757,0
GSE26767,0
GSE26770,0
GSE26776,0
GSE26821,0
GSE26823,0
GSE26825,0
GSE26826,0
GSE26833,0
GSE26835,0
GSE2684,0
GSE2685,0
GSE26863,0
GSE26866,0
GSE26867,0
GSE26868,0
GSE26887,0
GSE2690,0
GSE2691,0
GSE26910,1
GSE26917,0
GSE26922,1
GSE26923,0
GSE26924,0
GSE26927,1
GSE26928,0
GSE26938,0
GSE2694,0
GSE2695,0
GSE2697,0
GSE2698,0
GSE26981,0
GSE26984,0
GSE26990,0
GSE27000,0
GSE27003,4
GSE2703,0
GSE27035,0
GSE27037,1
GSE27051,0
GSE2706,0
GSE27069,0
GSE27078,0
GSE27081,0
GSE27097,0
GSE271,0
GSE27101,0
GSE2712,0
GSE27127,0
GSE27131,0
GSE2714,1
GSE27146,1
GSE27152,0
GSE2716,1
GSE27161,0
GSE2718,0
GSE27184,0
GSE2719,2
GSE27194,0
GSE27218,0
GSE27219,0
GSE27224,0
GSE2723,0
GSE27262,0
GSE27270,0
GSE27290,0
GSE27299,0
GSE27304,0
GSE27314,0
GSE27316,0
GSE27317,0
GSE27327,0
GSE27342,0
GSE2735,1
GSE27366,0
GSE27369,0
GSE2737,0
GSE27370,0
GSE2738,0
GSE27388,0
GSE2740,4
GSE2741,1
GSE2742,0
GSE27420,0
GSE27421,0
GSE27422,0
GSE27423,0
GSE27436,0
GSE27437,0
GSE27438,0
GSE27450,0
GSE27463,1
GSE27468,0
GSE27485,0
GSE27501,0
GSE27520,0
GSE27533,0
GSE27536,0
GSE27541,0
GSE27546,0
GSE27558,0
GSE27562,0
GSE27567,0
GSE27574,0
GSE27576,0
GSE27581,1
GSE27584,0
GSE27597,1
GSE27608,0
GSE27624,0
GSE27627,0
GSE27628,0
GSE27651,0
GSE27661,0
GSE27664,0
GSE27679,2
GSE27681,0
GSE27682,0
GSE27705,0
GSE27708,1
GSE27713,0
GSE27718,0
GSE27722,0
GSE2774,0
GSE2779,0
GSE2780,0
GSE27823,3
GSE27826,0
GSE27843,0
GSE27844,0
GSE27851,0
GSE27854,1
GSE27869,1
GSE2787,0
GSE27870,1
GSE27871,0
GSE27875,0
GSE27886,0
GSE27893,0
GSE27899,0
GSE27918,0
GSE27929,0
GSE27937,0
GSE27970,0
GSE27985,0
GSE27991,0
GSE27994,0
GSE28,0
GSE2800,0
GSE28001,0
GSE28034,0
GSE28045,0
GSE28070,0
GSE28071,0
GSE28076,0
GSE28087,0
GSE28126,1
GSE28127,0
GSE28135,0
GSE2814,1
GSE28146,4
GSE28157,0
GSE28166,3
GSE2817,0
GSE28201,0
GSE28204,0
GSE28245,0
GSE28247,0
GSE2826,0
GSE28260,0
GSE28264,0
GSE2828,0
GSE28280,0
GSE28285,0
GSE28287,0
GSE28305,0
GSE28319,0
GSE2832,0
GSE28347,0
GSE28352,0
GSE28362,0
GSE2837,0
GSE28383,0
GSE28398,1
GSE28403,0
GSE28419,0
GSE28422,0
GSE28441,0
GSE2845,0
GSE28460,0
GSE28475,1
GSE28490,1
GSE28491,0
GSE28521,0
GSE28539,0
GSE28551,0
GSE28569,0
GSE28579,0
GSE28582,0
GSE28596,0
GSE2860,0
GSE28613,0
GSE28623,0
GSE28653,0
GSE28666,0
GSE28684,0
GSE28688,0
GSE2869,0
GSE2870,0
GSE28700,1
GSE28704,0
GSE287099,0
GSE28722,0
GSE28726,0
GSE2873,0
GSE28735,0
GSE28755,0
GSE28791,0
GSE2882,0
GSE28820,0
GSE28824,0
GSE28829,0
GSE28843,0
GSE28857,0
GSE28859,0
GSE28865,3
GSE28866,0
GSE28871,0
GSE28878,0
GSE28884,0
GSE28893,0
GSE28894,0
GSE28914,0
GSE28915,0
GSE28977,0
GSE2899,0
GSE2900,0
GSE29001,0
GSE29003,0
GSE29008,0
GSE29016,0
GSE29022,0
GSE29023,0
GSE29040,0
GSE29044,0
GSE29073,0
GSE29079,0
GSE29087,0
GSE29101,1
GSE29127,0
GSE29141,0
GSE29154,0
GSE29155,1
GSE29163,1
GSE29172,0
GSE29184,4
GSE29188,0
GSE29193,0
GSE29196,0
GSE29207,0
GSE29211,0
GSE29218,1
GSE2922,0
GSE29225,0
GSE29231,0
GSE29243,0
GSE29257,0
GSE2926,1
GSE29264,0
GSE29272,0
GSE29273,0
GSE29278,1
GSE29282,0
GSE29290,2
GSE29321,0
GSE29327,0
GSE29331,0
GSE29344,0
GSE29345,0
GSE29350,0
GSE29352,0
GSE29353,0
GSE29356,0
GSE29362,1
GSE29368,0
GSE29378,1
GSE29413,0
GSE29490,0
GSE29498,0
GSE29519,0
GSE2955,0
GSE29578,1
GSE29580,0
GSE2959,0
GSE29600,0
GSE29605,0
GSE2961,0
GSE29611,9
GSE29618,1
GSE29623,0
GSE29633,0
GSE29638,1
GSE29651,0
GSE29675,0
GSE29676,0
GSE29692,2
GSE29706,0
GSE29714,1
GSE2972,5
GSE29733,0
GSE29738,1
GSE29744,0
GSE29748,0
GSE29780,1
GSE29787,0
GSE29792,0
GSE29793,0
GSE29794,0
GSE29801,0
GSE29819,0
GSE29820,0
GSE29832,0
GSE29853,0
GSE29860,0
GSE29868,0
GSE29883,0
GSE2990,14
GSE29917,0
GSE29943,1
GSE29960,0
GSE29964,0
GSE29967,0
GSE29978,0
GSE3,0
GSE30012,0
GSE30017,0
GSE30021,0
GSE30025,0
GSE30029,0
GSE30031,0
GSE3004,1
GSE30051,0
GSE30052,0
GSE30054,0
GSE30090,1
GSE30101,0
GSE3011,0
GSE30119,0
GSE30136,0
GSE30138,0
GSE30142,1
GSE30161,3
GSE30196,0
GSE30202,1
GSE30219,1
GSE30222,0
GSE30229,1
GSE3023,1
GSE30242,0
GSE30246,0
GSE30249,0
GSE30254,0
GSE30263,2
GSE30269,0
GSE30272,6
GSE3029,1
GSE30292,0
GSE30310,0
GSE30316,1
GSE30325,0
GSE30327,0
GSE30338,0
GSE30340,1
GSE30352,6
GSE30370,0
GSE30371,0
GSE30372,0
GSE30377,0
GSE30378,0
GSE30380,0
GSE3039,1
GSE30392,0
GSE30401,1
GSE30428,0
GSE30429,0
GSE3044,0
GSE30449,0
GSE3045,1
GSE30452,0
GSE30457,0
GSE30458,0
GSE30461,0
GSE30484,0
GSE30502,0
GSE30506,0
GSE30507,0
GSE3051,0
GSE30518,0
GSE30539,0
GSE30542,0
GSE30545,0
GSE30550,4
GSE30554,1
GSE30567,3
GSE3057,1
GSE30577,0
GSE30579,0
GSE3060,0
GSE30601,3
GSE3061,2
GSE30611,21
GSE30617,1
GSE3062,0
GSE3063,0
GSE30634,0
GSE30660,0
GSE30668,0
GSE30678,0
GSE3068,3
GSE3069,2
GSE30717,0
GSE3072,0
GSE30740,4
GSE30757,0
GSE30758,1
GSE30759,3
GSE3076,0
GSE30760,3
GSE30761,1
GSE3077,0
GSE30772,0
GSE30803,0
GSE30818,0
GSE30833,0
GSE30839,2
GSE30848,0
GSE3086,0
GSE3087,0
GSE30870,2
GSE30872,0
GSE30878,0
GSE3088,0
GSE3090,0
GSE30916,1
GSE30918,0
GSE30931,0
GSE30955,0
GSE30956,0
GSE30977,0
GSE30991,0
GSE30992,0
GSE30995,0
GSE30999,1
GSE3100,0
GSE31012,1
GSE31037,1
GSE31039,4
GSE3106,0
GSE31069,2
GSE31073,0
GSE31075,0
GSE31084,0
GSE3109,0
GSE31112,1
GSE31176,0
GSE31191,0
GSE31210,1
GSE31219,0
GSE31221,0
GSE31227,0
GSE31228,0
GSE31229,0
GSE31233,3
GSE31234,0
GSE31235,0
GSE31264,0
GSE31265,0
GSE31271,0
GSE31276,0
GSE31280,0
GSE31284,0
GSE3129,0
GSE31312,1
GSE31331,0
GSE31333,0
GSE31353,0
GSE31366,0
GSE31375,0
GSE31378,0
GSE31381,0
GSE31388,0
GSE31397,0
GSE31407,0
GSE31408,0
GSE31409,0
GSE3141,8
GSE31411,0
GSE31417,0
GSE3143,2
GSE31448,0
GSE31456,0
GSE31469,0
GSE31470,0
GSE31471,0
GSE31472,0
GSE31473,0
GSE31474,0
GSE31477,7
GSE3149,2
GSE3150,0
GSE31504,0
GSE3151,2
GSE31518,0
GSE31529,0
GSE31531,0
GSE31534,0
GSE31547,0
GSE31562,1
GSE31576,0
GSE31578,2
GSE3158,0
GSE31594,0
GSE31601,0
GSE31617,0
GSE31620,0
GSE31621,0
GSE31648,0
GSE3165,5
GSE31664,0
GSE3167,3
GSE31679,0
GSE31684,0
GSE31701,0
GSE31737,0
GSE31755,2
GSE3176,1
GSE31773,0
GSE31781,0
GSE31786,0
GSE31792,0
GSE31823,0
GSE3183,2
GSE3184,0
GSE31840,0
GSE3186,0
GSE31861,0
GSE31872,0
GSE3188,0
GSE3189,3
GSE31904,0
GSE3191,0
GSE3193,0
GSE3196,0
GSE31962,0
GSE31971,1
GSE31979,1
GSE31982,0
GSE31995,0
GSE31996,0
GSE32,0
GSE32012,0
GSE32015,0
GSE32024,0
GSE32026,0
GSE3204,0
GSE32057,0
GSE32061,2
GSE32062,1
GSE32063,0
GSE32069,0
GSE32083,0
GSE32084,0
GSE32092,0
GSE3211,0
GSE32110,0
GSE32112,0
GSE32113,0
GSE32119,1
GSE32165,0
GSE32177,0
GSE3218,2
GSE32186,0
GSE32213,0
GSE32222,1
GSE3223,0
GSE32269,0
GSE32280,0
GSE32284,0
GSE3231,5
GSE32311,0
GSE3232,0
GSE32323,1
GSE32334,0
GSE32340,0
GSE32342,0
GSE3236,0
GSE32385,0
GSE32393,3
GSE32396,0
GSE32397,0
GSE32413,1
GSE32427,0
GSE32433,0
GSE32447,0
GSE32448,0
GSE32457,1
GSE32465,5
GSE32474,4
GSE32476,0
GSE32493,0
GSE32498,0
GSE32504,0
GSE32509,0
GSE32519,0
GSE32529,0
GSE32549,0
GSE32559,0
GSE3256,0
GSE32562,0
GSE3257,0
GSE32577,0
GSE3261,0
GSE32620,1
GSE32623,0
GSE3264,0
GSE32646,1
GSE32649,0
GSE32665,0
GSE32673,0
GSE32676,2
GSE32679,2
GSE3268,2
GSE32688,0
GSE32691,0
GSE32711,0
GSE32716,0
GSE32719,0
GSE3284,1
GSE32861,0
GSE32863,0
GSE32869,1
GSE32871,1
GSE32874,0
GSE32883,0
GSE32888,0
GSE3289,0
GSE32892,0
GSE32894,0
GSE32898,1
GSE32916,0
GSE32918,2
GSE3292,0
GSE32923,0
GSE32959,0
GSE32962,0
GSE3297,0
GSE32970,5
GSE32974,0
GSE32975,1
GSE32993,0
GSE330,0
GSE33042,0
GSE33052,0
GSE3307,3
GSE33072,0
GSE33099,0
GSE33113,0
GSE33120,0
GSE33132,0
GSE33135,0
GSE33142,0
GSE33147,0
GSE3315,0
GSE3316,0
GSE33167,0
GSE33176,0
GSE33183,0
GSE332,0
GSE3320,1
GSE33212,0
GSE33216,1
GSE33236,0
GSE3325,7
GSE33250,0
GSE33263,2
GSE33264,0
GSE33266,0
GSE33267,0
GSE3327,1
GSE33276,0
GSE333,0
GSE33303,0
GSE33309,0
GSE3331,0
GSE33328,0
GSE33329,0
GSE33333,0
GSE33338,0
GSE33346,0
GSE3335,0
GSE33351,0
GSE33359,0
GSE33364,0
GSE33365,0
GSE33366,0
GSE33380,0
GSE33388,0
GSE3339,0
GSE334,0
GSE33420,0
GSE33422,0
GSE33423,0
GSE33427,0
GSE33448,0
GSE33450,0
GSE33459,0
GSE3348,0
GSE33480,0
GSE3350,0
GSE33507,0
GSE33538,1
GSE33548,0
GSE33566,0
GSE33592,0
GSE33598,0
GSE33600,0
GSE33611,0
GSE33630,0
GSE33642,0
GSE3365,2
GSE33664,3
GSE33668,1
GSE33671,0
GSE33683,1
GSE33685,0
GSE33688,0
GSE33700,0
GSE33701,1
GSE33725,0
GSE33728,0
GSE33785,0
GSE33794,0
GSE33816,0
GSE33818,0
GSE33828,0
GSE33830,0
GSE33841,0
GSE33852,0
GSE33876,0
GSE33889,0
GSE33894,0
GSE33899,0
GSE33905,0
GSE33913,0
GSE33927,0
GSE33951,0
GSE3397,0
GSE33979,0
GSE33980,0
GSE34,0
GSE3400,0
GSE34018,0
GSE34019,0
GSE34020,0
GSE34023,0
GSE34033,0
GSE34035,0
GSE34041,0
GSE34043,0
GSE3406,0
GSE34082,0
GSE34084,0
GSE34099,0
GSE34114,0
GSE34134,0
GSE34138,0
GSE34140,0
GSE34151,0
GSE34153,0
GSE3416,0
GSE34169,0
GSE34171,1
GSE34188,0
GSE3419,0
GSE34199,0
GSE34211,0
GSE34267,0
GSE34269,0
GSE3428,0
GSE34306,0
GSE34307,0
GSE3431,12
GSE34325,0
GSE34340,0
GSE34397,0
GSE344,0
GSE34400,0
GSE34406,0
GSE34422,0
GSE3443,0
GSE34433,0
GSE34438,0
GSE34445,0
GSE34448,1
GSE34451,0
GSE34453,2
GSE3446,0
GSE34483,0
GSE34487,0
GSE34491,0
GSE34515,0
GSE34518,0
GSE34526,0
GSE34539,0
GSE34559,0
GSE3456,0
GSE34591,0
GSE34594,0
GSE34632,0
GSE34634,0
GSE34639,0
GSE3467,7
GSE34688,0
GSE34698,0
GSE34743,0
GSE34750,0
GSE34754,0
GSE34780,0
GSE34785,0
GSE34791,0
GSE34794,0
GSE34810,0
GSE34813,0
GSE34819,0
GSE34826,0
GSE34864,1
GSE34869,0
GSE34876,0
GSE34893,0
GSE34896,0
GSE34899,0
GSE349,1
GSE34914,0
GSE34915,0
GSE34929,0
GSE34932,0
GSE3494,28
GSE34971,0
GSE34995,0
GSE34996,0
GSE350,1
GSE35019,0
GSE35024,0
GSE35026,0
GSE35055,0
GSE35069,6
GSE3507,0
GSE35097,0
GSE35102,0
GSE35103,0
GSE35131,0
GSE35132,0
GSE35141,0
GSE35143,0
GSE35152,0
GSE35154,0
GSE35156,14
GSE3516,0
GSE3519,1
GSE35191,0
GSE35205,0
GSE35227,0
GSE3523,0
GSE3524,3
GSE3526,15
GSE35262,0
GSE35288,0
GSE3529,0
GSE35296,1
GSE35305,0
GSE3531,0
GSE35333,0
GSE35338,0
GSE35368,0
GSE35371,0
GSE35405,0
GSE35457,0
GSE35488,0
GSE3554,0
GSE35542,0
GSE35571,0
GSE35578,0
GSE35580,0
GSE35581,0
GSE35584,0
GSE35585,0
GSE35595,0
GSE35602,0
GSE35610,0
GSE35611,0
GSE35624,0
GSE35633,0
GSE35641,1
GSE35671,0
GSE35678,0
GSE3571,0
GSE35713,0
GSE35725,0
GSE3579,0
GSE35790,0
GSE35795,0
GSE35800,0
GSE35823,0
GSE35834,1
GSE35839,1
GSE3584,0
GSE35842,0
GSE35845,0
GSE35847,0
GSE3585,4
GSE35851,0
GSE35852,0
GSE35857,0
GSE3586,0
GSE35877,0
GSE35883,0
GSE3592,0
GSE35922,0
GSE35926,0
GSE35927,0
GSE35928,0
GSE3594,2
GSE35978,0
GSE35982,0
GSE35988,1
GSE360,0
GSE36015,0
GSE36025,4
GSE36026,0
GSE36027,1
GSE36030,1
GSE36040,1
GSE36041,0
GSE36042,1
GSE36043,1
GSE36044,1
GSE36048,0
GSE3605,0
GSE36064,0
GSE36065,1
GSE36072,0
GSE36074,0
GSE3608,0
GSE36104,3
GSE36114,0
GSE36128,0
GSE3613,0
GSE36133,7
GSE36138,1
GSE36192,2
GSE36194,0
GSE362,0
GSE36204,1
GSE36249,0
GSE36256,0
GSE36276,0
GSE36278,0
GSE36287,1
GSE3629,0
GSE36295,0
GSE36298,1
GSE363,1
GSE36303,0
GSE36323,0
GSE36345,0
GSE36354,1
GSE36369,1
GSE36374,1
GSE36375,0
GSE36387,0
GSE36393,0
GSE364,0
GSE3640,0
GSE3642,0
GSE36448,1
GSE36450,0
GSE36461,1
GSE36490,0
GSE36504,0
GSE3653,0
GSE36530,0
GSE36552,3
GSE36553,1
GSE36565,0
GSE36582,1
GSE36593,0
GSE36599,1
GSE36600,0
GSE36617,0
GSE36642,0
GSE36650,0
GSE36669,0
GSE36689,0
GSE36695,0
GSE36700,0
GSE36719,0
GSE3677,0
GSE36771,1
GSE36772,0
GSE3678,8
GSE3679,0
GSE36802,1
GSE36809,1
GSE36812,0
GSE36860,0
GSE36863,0
GSE36867,0
GSE36868,1
GSE36890,2
GSE36895,1
GSE36902,0
GSE36907,0
GSE36910,0
GSE36911,0
GSE36916,0
GSE36924,0
GSE36944,1
GSE36954,0
GSE36975,0
GSE36979,1
GSE3698,0
GSE36980,0
GSE37,1
GSE37000,0
GSE37003,0
GSE37005,0
GSE37008,1
GSE3702,0
GSE37020,1
GSE37023,0
GSE37031,0
GSE37033,0
GSE3705,0
GSE3706,0
GSE37069,1
GSE37074,2
GSE37081,0
GSE3711,0
GSE37114,0
GSE3714,0
GSE37150,0
GSE3716,0
GSE3720,0
GSE37202,0
GSE37205,0
GSE3722,0
GSE37224,0
GSE37226,0
GSE37232,0
GSE37250,0
GSE37251,0
GSE37256,0
GSE3726,0
GSE37275,0
GSE37279,0
GSE3729,1
GSE37301,0
GSE37315,0
GSE37317,0
GSE37322,0
GSE37332,0
GSE37335,0
GSE37338,0
GSE37345,0
GSE37360,0
GSE37367,0
GSE37368,0
GSE3738,0
GSE3742,0
GSE3744,3
GSE37447,0
GSE37454,0
GSE37455,0
GSE37460,0
GSE3748,0
GSE3749,4
GSE37524,0
GSE37525,0
GSE37544,0
GSE3755,0
GSE37550,0
GSE37551,0
GSE37552,0
GSE37558,0
GSE37567,0
GSE37569,1
GSE37571,0
GSE37572,1
GSE3758,0
GSE37583,0
GSE37585,0
GSE37589,1
GSE37593,0
GSE37599,0
GSE37604,0
GSE37619,0
GSE37646,3
GSE37704,2
GSE37721,0
GSE37752,0
GSE37767,0
GSE37771,0
GSE3778,0
GSE3779,1
GSE3780,0
GSE37858,1
GSE37869,0
GSE3790,6
GSE37910,0
GSE37918,0
GSE3792,0
GSE37935,0
GSE37940,0
GSE38006,0
GSE38044,0
GSE38046,0
GSE38051,0
GSE3806,0
GSE3807,0
GSE38070,1
GSE38079,0
GSE38084,0
GSE38094,0
GSE38100,0
GSE38129,0
GSE3814,0
GSE38140,0
GSE38148,0
GSE3815,0
GSE3816,0
GSE38164,0
GSE3817,0
GSE38175,0
GSE38176,0
GSE3818,0
GSE3819,0
GSE3820,0
GSE3821,0
GSE38212,0
GSE3823,0
GSE38230,0
GSE38241,0
GSE38245,0
GSE38259,0
GSE38263,0
GSE38266,1
GSE38268,0
GSE38270,0
GSE38271,2
GSE38286,1
GSE38298,0
GSE38322,0
GSE38333,0
GSE3834,2
GSE38350,0
GSE38354,0
GSE38355,0
GSE38376,0
GSE38379,2
GSE3839,0
GSE38419,0
GSE3842,0
GSE38442,0
GSE38447,0
GSE3846,2
GSE38467,0
GSE38468,1
GSE38490,0
GSE38495,1
GSE38500,0
GSE38530,0
GSE3854,0
GSE38555,0
GSE38577,0
GSE3858,0
GSE38588,0
GSE38593,0
GSE38596,0
GSE38597,0
GSE3860,0
GSE38600,0
GSE38611,0
GSE38620,0
GSE38625,0
GSE38642,3
GSE38649,0
GSE38664,0
GSE38679,0
GSE3868,5
GSE38700,0
GSE38703,0
GSE38707,0
GSE38718,0
GSE38729,0
GSE38746,0
GSE3876,0
GSE38761,0
GSE38809,0
GSE3882,0
GSE38821,1
GSE38848,0
GSE38850,0
GSE38858,0
GSE38873,1
GSE38875,0
GSE3889,2
GSE3890,0
GSE38916,0
GSE3893,2
GSE38935,0
GSE38938,0
GSE38957,0
GSE38967,0
GSE38991,0
GSE3901,1
GSE39018,0
GSE3902,0
GSE39034,0
GSE39036,0
GSE39045,0
GSE39070,0
GSE39086,0
GSE3910,0
GSE39105,0
GSE3912,0
GSE39122,0
GSE39203,0
GSE39229,0
GSE39232,1
GSE39252,0
GSE39263,1
GSE39279,0
GSE39327,0
GSE39328,0
GSE3933,2
GSE39348,0
GSE39358,0
GSE39369,0
GSE39371,0
GSE39384,2
GSE39406,1
GSE39411,0
GSE39423,1
GSE39424,1
GSE39425,1
GSE39426,1
GSE39427,1
GSE39429,1
GSE39432,1
GSE39433,0
GSE39435,0
GSE39445,0
GSE39456,0
GSE39478,0
GSE39495,0
GSE39498,0
GSE39510,0
GSE3952,0
GSE39523,1
GSE39524,0
GSE39549,0
GSE3955,1
GSE39559,0
GSE39560,0
GSE39566,0
GSE39568,0
GSE39569,0
GSE39574,0
GSE39578,0
GSE3958,0
GSE39582,3
GSE39585,0
GSE39589,1
GSE39593,0
GSE3960,0
GSE3964,0
GSE39664,0
GSE39671,0
GSE39672,0
GSE39680,0
GSE39686,0
GSE3970,0
GSE39722,1
GSE3973,0
GSE39754,0
GSE39756,0
GSE39762,0
GSE39763,0
GSE39786,0
GSE39802,0
GSE3982,2
GSE39822,0
GSE39841,0
GSE39849,0
GSE39860,0
GSE39866,1
GSE39882,0
GSE39897,0
GSE39901,2
GSE39912,0
GSE39918,0
GSE39940,0
GSE3997,0
GSE3998,0
GSE39981,3
GSE39982,0
GSE40,0
GSE40046,0
GSE40050,0
GSE4006,1
GSE40061,0
GSE40075,0
GSE40087,0
GSE40092,0
GSE40110,0
GSE40115,0
GSE40129,0
GSE40133,0
GSE40148,0
GSE40194,0
GSE40202,0
GSE40215,0
GSE40240,0
GSE40248,0
GSE4025,2
GSE4026,0
GSE40267,0
GSE4027,0
GSE40279,5
GSE40292,0
GSE40300,0
GSE40302,0
GSE40304,0
GSE40307,0
GSE40311,0
GSE40312,0
GSE4036,2
GSE40363,0
GSE40366,0
GSE40376,0
GSE40390,0
GSE40391,0
GSE40396,1
GSE40399,0
GSE40406,0
GSE4041,0
GSE40410,0
GSE40419,3
GSE40421,0
GSE40425,0
GSE40429,0
GSE4044,0
GSE40442,0
GSE4045,0
GSE40452,0
GSE40461,0
GSE40505,0
GSE4051,3
GSE40524,0
GSE40525,1
GSE40530,0
GSE40537,0
GSE40538,0
GSE40540,2
GSE40546,0
GSE40580,0
GSE40588,0
GSE40603,0
GSE40625,0
GSE40627,0
GSE40629,0
GSE40630,0
GSE4064,0
GSE40642,0
GSE40645,0
GSE4065,0
GSE40667,0
GSE40680,0
GSE40684,0
GSE40699,2
GSE40700,0
GSE40705,0
GSE40722,0
GSE40728,0
GSE40740,0
GSE40747,0
GSE40767,0
GSE40768,0
GSE40773,0
GSE40778,0
GSE40797,0
GSE40810,0
GSE40824,0
GSE40827,0
GSE40831,0
GSE40832,1
GSE40837,0
GSE40840,0
GSE40844,0
GSE40853,0
GSE4086,2
GSE40860,0
GSE40862,0
GSE40907,0
GSE40908,0
GSE40918,0
GSE40930,1
GSE40948,0
GSE40955,0
GSE40987,0
GSE41009,1
GSE41010,0
GSE41014,0
GSE41023,0
GSE41025,1
GSE41037,2
GSE41047,0
GSE41055,0
GSE41060,0
GSE41067,1
GSE4107,11
GSE411,0
GSE41125,0
GSE4115,5
GSE41166,0
GSE41169,0
GSE41173,0
GSE41208,0
GSE41221,0
GSE41256,0
GSE41258,1
GSE41261,0
GSE41265,1
GSE41288,0
GSE41292,0
GSE41294,0
GSE4131,0
GSE4132,0
GSE41324,0
GSE41328,0
GSE4133,0
GSE4135,0
GSE41354,0
GSE41356,0
GSE4136,0
GSE41360,0
GSE41364,0
GSE41366,0
GSE41368,0
GSE41369,0
GSE41415,0
GSE41417,0
GSE41423,0
GSE41436,0
GSE41437,0
GSE41440,1
GSE41451,0
GSE41462,0
GSE41464,0
GSE41488,0
GSE41494,0
GSE41503,0
GSE41519,0
GSE41526,0
GSE41561,0
GSE41578,0
GSE4158,0
GSE41580,0
GSE41583,0
GSE41587,0
GSE41588,0
GSE41595,0
GSE41631,0
GSE41633,0
GSE41637,1
GSE41656,0
GSE41667,0
GSE4170,0
GSE41714,0
GSE4172,0
GSE41729,0
GSE41738,1
GSE41745,0
GSE41749,0
GSE41752,0
GSE41755,0
GSE41762,0
GSE41763,0
GSE41773,0
GSE41780,0
GSE41797,0
GSE41826,1
GSE4183,5
GSE41840,0
GSE41841,0
GSE41844,0
GSE4187,1
GSE4189,1
GSE41903,0
GSE41906,0
GSE41908,0
GSE41923,0
GSE4193,2
GSE41935,1
GSE41950,0
GSE41957,0
GSE41998,0
GSE42006,0
GSE4201,0
GSE42026,0
GSE42081,0
GSE42086,3
GSE42114,0
GSE42117,0
GSE42125,0
GSE42127,0
GSE42133,0
GSE4214,1
GSE42152,0
GSE42156,0
GSE42180,0
GSE422,1
GSE42207,0
GSE42243,0
GSE42246,0
GSE42250,0
GSE42268,0
GSE4228,0
GSE423,0
GSE4230,0
GSE42312,0
GSE42319,0
GSE4232,0
GSE42323,0
GSE42325,0
GSE42327,0
GSE4235,0
GSE4238,0
GSE42381,0
GSE42409,0
GSE42422,0
GSE4244,0
GSE4245,0
GSE4246,1
GSE42460,0
GSE42466,0
GSE42473,0
GSE42478,0
GSE4248,0
GSE42480,0
GSE42492,0
GSE42496,0
GSE425,2
GSE42507,0
GSE42513,0
GSE42519,0
GSE42528,0
GSE42535,0
GSE42550,0
GSE42565,0
GSE42568,1
GSE42584,0
GSE42604,0
GSE42606,0
GSE42608,0
GSE42612,0
GSE42614,0
GSE42619,0
GSE42640,0
GSE42652,0
GSE42681,0
GSE42684,0
GSE42690,0
GSE42692,0
GSE4270,0
GSE42700,1
GSE4271,9
GSE42723,0
GSE42731,0
GSE42748,0
GSE42769,0
GSE42776,0
GSE42788,0
GSE42811,2
GSE42836,0
GSE42847,0
GSE42861,12
GSE42866,0
GSE42873,0
GSE4288,0
GSE42891,3
GSE42898,0
GSE4290,13
GSE42944,0
GSE42952,0
GSE42954,0
GSE42965,0
GSE42970,0
GSE42980,0
GSE4302,2
GSE43035,0
GSE43047,0
GSE43050,0
GSE43061,0
GSE43070,5
GSE43071,0
GSE43073,0
GSE43087,0
GSE4309,0
GSE43098,0
GSE43142,0
GSE43159,0
GSE43163,1
GSE43167,0
GSE43170,0
GSE43185,0
GSE432,1
GSE43203,0
GSE43204,0
GSE43205,0
GSE43227,0
GSE4324,0
GSE43245,3
GSE43246,0
GSE43255,0
GSE43262,0
GSE43268,0
GSE4327,0
GSE43274,0
GSE43275,0
GSE43277,0
GSE43301,1
GSE43302,1
GSE43314,0
GSE43327,0
GSE43335,0
GSE4334,0
GSE43354,0
GSE43358,0
GSE4337,0
GSE43414,0
GSE43418,0
GSE4342,0
GSE43460,0
GSE43462,0
GSE43464,0
GSE43466,0
GSE43478,0
GSE43495,0
GSE43512,1
GSE43520,0
GSE43550,0
GSE43556,0
GSE43559,1
GSE4357,1
GSE43573,0
GSE43574,0
GSE43579,0
GSE43625,0
GSE43652,0
GSE43666,0
GSE43668,0
GSE43679,0
GSE43680,0
GSE43695,0
GSE43698,0
GSE43717,0
GSE43720,0
GSE43726,0
GSE43733,0
GSE43743,0
GSE43747,0
GSE43770,0
GSE43776,0
GSE43796,0
GSE43797,0
GSE4380,1
GSE4381,1
GSE4382,0
GSE43824,0
GSE43848,0
GSE43857,0
GSE43876,0
GSE43894,0
GSE43895,0
GSE43909,0
GSE43911,0
GSE43912,0
GSE43913,0
GSE43914,0
GSE43918,0
GSE43955,0
GSE43977,0
GSE440,0
GSE44023,0
GSE44030,0
GSE44036,0
GSE44038,0
GSE4404,0
GSE44058,0
GSE4406,0
GSE44062,0
GSE44097,0
GSE44098,0
GSE44100,0
GSE44104,0
GSE44105,0
GSE4412,10
GSE44183,1
GSE44186,0
GSE44188,0
GSE44189,0
GSE44191,0
GSE442,1
GSE44224,0
GSE44228,0
GSE44229,0
GSE44246,0
GSE44248,0
GSE44267,1
GSE44269,0
GSE44277,0
GSE44278,1
GSE44282,0
GSE44288,0
GSE44293,0
GSE44309,0
GSE44321,0
GSE44326,0
GSE44346,0
GSE44352,0
GSE44359,0
GSE4438,0
GSE44397,0
GSE44415,1
GSE44439,0
GSE44441,1
GSE44445,1
GSE44450,0
GSE44457,1
GSE44538,0
GSE44564,0
GSE44566,0
GSE44578,0
GSE44586,0
GSE44627,0
GSE44628,0
GSE44629,0
GSE44630,0
GSE44631,0
GSE44632,0
GSE44633,0
GSE44634,0
GSE44648,1
GSE4465,0
GSE44656,0
GSE44657,0
GSE44658,0
GSE44659,0
GSE44681,0
GSE44682,0
GSE44684,0
GSE44685,0
GSE44688,0
GSE4470,0
GSE4471,0
GSE44711,0
GSE44714,0
GSE4472,0
GSE44742,0
GSE44744,0
GSE44748,0
GSE4475,4
GSE44768,0
GSE44770,2
GSE44771,0
GSE44772,1
GSE44782,0
GSE44783,0
GSE44793,0
GSE44800,0
GSE44806,1
GSE44837,0
GSE44845,0
GSE44868,0
GSE4489,0
GSE4490,0
GSE44930,0
GSE44966,0
GSE44976,0
GSE44979,1
GSE44992,0
GSE45006,0
GSE45014,0
GSE45016,0
GSE45035,0
GSE45042,1
GSE4511,0
GSE45114,0
GSE45119,0
GSE45132,0
GSE45144,0
GSE45145,0
GSE45151,0
GSE45159,0
GSE45196,0
GSE45202,0
GSE4521,0
GSE45222,0
GSE4525,0
GSE45255,0
GSE45258,0
GSE45261,0
GSE45267,0
GSE4527,0
GSE45308,0
GSE45337,0
GSE45343,0
GSE45353,0
GSE45361,1
GSE45393,0
GSE45407,0
GSE45410,0
GSE45418,0
GSE45419,0
GSE45428,1
GSE45434,0
GSE45435,0
GSE45436,0
GSE45439,0
GSE45467,0
GSE45485,1
GSE4550,0
GSE45506,0
GSE45563,1
GSE45578,0
GSE45587,0
GSE45627,0
GSE45642,0
GSE45653,0
GSE45667,0
GSE45674,0
GSE45676,0
GSE45678,0
GSE45680,0
GSE45693,0
GSE45699,0
GSE4571,0
GSE45715,0
GSE45719,3
GSE45722,1
GSE4573,3
GSE45731,0
GSE45759,0
GSE45764,0
GSE4578,0
GSE45803,1
GSE4582,0
GSE45822,1
GSE45825,0
GSE4587,1
GSE45878,0
GSE4588,0
GSE45907,0
GSE45911,0
GSE45916,0
GSE45936,0
GSE4594,0
GSE45942,0
GSE45945,0
GSE4595,1
GSE45982,1
GSE45983,0
GSE45997,0
GSE46,0
GSE4600,0
GSE46008,0
GSE46019,0
GSE46074,0
GSE46076,0
GSE46077,0
GSE46090,0
GSE46109,0
GSE46130,0
GSE46131,0
GSE46141,0
GSE4615,0
GSE46153,0
GSE4616,2
GSE46160,0
GSE46161,0
GSE46171,0
GSE4619,0
GSE46220,0
GSE46226,1
GSE46249,0
GSE46261,1
GSE46272,0
GSE46280,0
GSE46303,0
GSE46310,0
GSE46332,0
GSE4636,0
GSE46364,0
GSE46380,0
GSE46389,0
GSE46394,1
GSE46395,0
GSE464,0
GSE46479,0
GSE46495,0
GSE465,1
GSE46532,0
GSE4654,2
GSE46562,0
GSE46563,0
GSE46579,2
GSE46588,0
GSE466,0
GSE46618,0
GSE46622,0
GSE4664,0
GSE46642,0
GSE46644,1
GSE46648,0
GSE46662,0
GSE46683,1
GSE46698,1
GSE46704,0
GSE46705,3
GSE46706,3
GSE4671,0
GSE46710,1
GSE46733,0
GSE46734,0
GSE4674,0
GSE46742,0
GSE4675,0
GSE46753,0
GSE46762,0
GSE46765,0
GSE4679,0
GSE468,0
GSE46810,0
GSE46834,0
GSE46847,0
GSE46850,0
GSE46876,1
GSE46877,0
GSE46880,0
GSE46883,0
GSE46894,0
GSE469,1
GSE4690,0
GSE46903,0
GSE46906,0
GSE4691,0
GSE46915,0
GSE4692,1
GSE46934,0
GSE46954,0
GSE4697,0
GSE46980,0
GSE46986,0
GSE46989,0
GSE470,0
GSE47006,0
GSE47014,1
GSE47026,1
GSE47043,0
GSE47051,0
GSE4707,1
GSE47086,0
GSE4709,0
GSE47093,0
GSE471,0
GSE4711,0
GSE47114,0
GSE47120,0
GSE47121,0
GSE47129,0
GSE47136,0
GSE47139,0
GSE4714,0
GSE47150,0
GSE47167,0
GSE47175,0
GSE47181,0
GSE47182,0
GSE47185,0
GSE47201,0
GSE47217,4
GSE47226,0
GSE47230,0
GSE4725,0
GSE473,3
GSE4732,0
GSE47338,0
GSE4734,0
GSE47372,0
GSE47373,0
GSE47390,0
GSE474,1
GSE47400,0
GSE47451,0
GSE47460,1
GSE47462,0
GSE47492,0
GSE475,0
GSE4752,0
GSE47533,0
GSE47534,0
GSE47539,0
GSE47541,0
GSE47551,0
GSE47559,0
GSE4756,0
GSE47561,1
GSE4757,5
GSE47592,0
GSE47598,0
GSE476,0
GSE47602,0
GSE47607,0
GSE47624,0
GSE47627,0
GSE4763,0
GSE47654,0
GSE4766,0
GSE477,0
GSE47712,0
GSE47723,0
GSE4774,0
GSE47742,0
GSE47753,2
GSE47758,0
GSE47774,7
GSE4778,0
GSE47780,0
GSE47792,7
GSE47803,0
GSE47815,0
GSE47830,0
GSE47835,0
GSE47836,0
GSE47837,0
GSE47858,0
GSE47875,0
GSE47881,1
GSE47884,1
GSE47886,0
GSE47910,0
GSE47937,0
GSE47944,0
GSE47966,1
GSE47969,0
GSE47981,0
GSE4799,1
GSE47991,0
GSE480,0
GSE48015,0
GSE48018,0
GSE48031,0
GSE48035,0
GSE48037,1
GSE48039,0
GSE48040,0
GSE48052,0
GSE48060,0
GSE4807,1
GSE481,0
GSE48109,0
GSE48113,0
GSE48138,0
GSE48149,0
GSE48151,0
GSE48152,0
GSE48159,0
GSE4818,0
GSE48181,0
GSE48190,0
GSE48199,0
GSE48205,0
GSE48212,0
GSE48213,3
GSE48216,1
GSE48229,0
GSE4823,1
GSE48230,0
GSE48234,0
GSE48235,0
GSE4824,2
GSE48262,1
GSE483,0
GSE48307,1
GSE48309,0
GSE48319,0
GSE48324,1
GSE48325,0
GSE48337,0
GSE48349,0
GSE48371,0
GSE48379,0
GSE48398,0
GSE4840,0
GSE48414,0
GSE4843,0
GSE48431,0
GSE48433,1
GSE48493,0
GSE485,0
GSE48512,0
GSE48514,0
GSE48524,0
GSE4854,0
GSE4857,0
GSE48580,0
GSE48592,1
GSE4860,0
GSE48609,0
GSE48610,0
GSE4863,0
GSE48649,0
GSE48657,0
GSE48680,0
GSE4870,0
GSE4871,0
GSE4872,0
GSE48759,0
GSE48763,0
GSE48776,0
GSE48780,0
GSE48791,0
GSE48829,0
GSE48846,0
GSE48857,0
GSE48858,0
GSE48866,0
GSE4888,0
GSE4890,0
GSE48900,0
GSE48926,0
GSE48942,0
GSE48944,0
GSE48951,0
GSE48954,0
GSE48955,0
GSE48964,0
GSE48967,0
GSE48968,0
GSE48992,0
GSE48997,0
GSE490,0
GSE49001,0
GSE49017,0
GSE49026,0
GSE49029,0
GSE49031,2
GSE49050,0
GSE49060,0
GSE49061,0
GSE49092,0
GSE49093,0
GSE49095,0
GSE49098,0
GSE4911,0
GSE49114,0
GSE49121,0
GSE49122,0
GSE49123,0
GSE49149,0
GSE49166,0
GSE49169,0
GSE4917,1
GSE49177,0
GSE49196,0
GSE49219,0
GSE4922,20
GSE49226,0
GSE4923,0
GSE49247,0
GSE4925,0
GSE4927,0
GSE49279,0
GSE49291,0
GSE49296,0
GSE49309,0
GSE49312,0
GSE49321,2
GSE49341,0
GSE49345,0
GSE49353,0
GSE49355,0
GSE49378,0
GSE49390,0
GSE49402,0
GSE49459,0
GSE49460,1
GSE495,1
GSE49515,0
GSE49520,0
GSE49526,0
GSE49537,1
GSE49538,0
GSE49540,0
GSE49546,0
GSE49557,0
GSE49590,0
GSE49606,0
GSE49617,0
GSE49618,0
GSE49623,0
GSE49624,0
GSE49629,1
GSE49637,0
GSE49638,0
GSE49642,0
GSE49650,0
GSE49651,0
GSE4966,0
GSE49700,0
GSE4971,0
GSE49710,1
GSE49711,0
GSE49712,3
GSE4976,0
GSE49765,0
GSE49767,0
GSE49786,0
GSE49791,0
GSE49831,2
GSE49833,0
GSE49847,0
GSE49860,0
GSE4987,1
GSE49876,0
GSE49881,0
GSE49889,0
GSE49904,0
GSE49909,0
GSE49910,2
GSE49925,0
GSE49943,0
GSE49961,0
GSE49964,0
GSE49997,0
GSE50015,0
GSE50016,0
GSE50018,0
GSE50022,0
GSE50026,0
GSE50028,0
GSE50049,0
GSE50058,0
GSE50064,0
GSE5007,0
GSE50070,0
GSE50081,0
GSE50083,0
GSE50089,0
GSE50100,0
GSE50109,0
GSE5011,0
GSE50111,0
GSE50144,0
GSE50157,0
GSE50171,0
GSE50177,0
GSE50181,0
GSE50192,1
GSE50199,0
GSE50206,0
GSE50215,0
GSE5023,0
GSE50249,0
GSE50254,0
GSE5037,0
GSE50378,0
GSE5038,0
GSE50396,1
GSE5042,0
GSE50423,2
GSE50427,0
GSE50429,0
GSE50445,0
GSE50452,0
GSE50460,0
GSE50466,0
GSE50489,0
GSE50492,0
GSE50515,0
GSE50524,0
GSE5053,0
GSE50546,0
GSE50554,0
GSE50558,0
GSE5058,0
GSE50599,0
GSE50636,1
GSE50647,0
GSE50660,0
GSE50665,0
GSE50676,1
GSE5071,0
GSE50711,0
GSE50716,0
GSE50723,0
GSE50728,0
GSE50760,0
GSE50761,0
GSE50762,0
GSE50773,0
GSE5078,0
GSE50792,0
GSE5081,0
GSE5083,0
GSE5085,0
GSE50852,0
GSE5086,0
GSE50860,0
GSE5087,0
GSE50874,0
GSE50880,0
GSE5090,0
GSE50907,0
GSE5091,0
GSE50925,0
GSE50948,0
GSE50957,0
GSE50960,0
GSE50974,0
GSE50980,0
GSE50989,0
GSE50990,0
GSE51022,0
GSE51032,0
GSE51035,0
GSE51064,0
GSE51065,1
GSE51068,0
GSE51083,0
GSE5110,0
GSE51106,0
GSE51142,0
GSE51144,0
GSE51176,0
GSE51180,2
GSE51182,0
GSE51183,0
GSE5121,0
GSE51225,0
GSE51251,0
GSE51252,0
GSE51254,2
GSE5127,0
GSE51272,0
GSE51279,0
GSE51282,0
GSE5130,0
GSE51304,0
GSE51326,0
GSE51373,0
GSE51379,0
GSE51388,0
GSE51403,1
GSE51412,0
GSE51442,0
GSE51454,0
GSE51462,0
GSE51463,0
GSE5147,1
GSE51476,0
GSE51477,0
GSE51505,0
GSE51510,0
GSE51517,0
GSE51518,0
GSE51560,0
GSE51564,0
GSE51565,0
GSE51577,0
GSE51581,0
GSE51584,0
GSE51585,0
GSE51603,0
GSE51612,0
GSE51619,0
GSE51621,0
GSE51633,0
GSE51638,0
GSE51647,0
GSE51658,0
GSE5167,1
GSE51681,0
GSE5170,0
GSE51709,1
GSE51721,0
GSE5173,0
GSE5175,0
GSE51766,0
GSE51780,0
GSE51783,0
GSE51798,0
GSE51816,0
GSE51821,0
GSE51838,0
GSE51861,2
GSE51865,0
GSE5188,0
GSE51885,0
GSE51903,0
GSE51910,0
GSE51911,0
GSE51952,0
GSE51954,0
GSE5196,0
GSE51975,0
GSE51979,0
GSE51993,0
GSE52003,0
GSE52006,0
GSE52012,0
GSE52022,0
GSE52023,0
GSE52024,0
GSE52025,0
GSE52037,0
GSE5206,2
GSE52061,0
GSE52100,0
GSE521000,0
GSE52119,0
GSE5212,0
GSE52122,0
GSE5213,1
GSE52140,0
GSE52143,0
GSE52144,0
GSE52145,0
GSE52147,0
GSE52166,1
GSE52178,0
GSE5218,0
GSE52181,0
GSE52207,0
GSE52262,0
GSE52266,1
GSE52272,0
GSE52287,0
GSE52291,0
GSE5230,1
GSE52307,0
GSE52333,1
GSE52342,1
GSE52355,0
GSE52361,1
GSE52375,0
GSE52392,0
GSE52412,0
GSE52415,0
GSE52432,0
GSE52436,0
GSE52441,0
GSE52457,1
GSE52459,0
GSE52460,0
GSE52479,0
GSE52489,0
GSE52490,0
GSE52491,1
GSE52525,1
GSE52529,4
GSE52539,0
GSE52545,0
GSE52556,0
GSE52575,0
GSE5258,4
GSE52583,2
GSE52587,0
GSE52593,0
GSE5261,0
GSE52626,0
GSE5264,0
GSE52642,0
GSE52643,0
GSE52650,0
GSE52651,0
GSE52652,0
GSE52656,0
GSE52658,0
GSE5266,0
GSE52684,0
GSE52710,0
GSE52712,1
GSE52717,0
GSE52722,0
GSE52725,0
GSE52736,0
GSE52746,0
GSE52754,0
GSE52792,0
GSE5281,17
GSE52848,0
GSE52866,0
GSE52869,0
GSE5287,1
GSE52870,0
GSE52871,0
GSE52872,0
GSE52875,0
GSE52877,0
GSE52878,0
GSE52880,0
GSE52884,0
GSE5291,0
GSE5292,0
GSE52941,0
GSE52950,0
GSE52953,0
GSE5296,1
GSE52980,0
GSE52981,0
GSE52996,0
GSE53,0
GSE5301,0
GSE53020,0
GSE53026,0
GSE53029,0
GSE53034,0
GSE5304,0
GSE53045,0
GSE53051,0
GSE5306,0
GSE53071,0
GSE53076,0
GSE53080,0
GSE53093,1
GSE53118,0
GSE5315,0
GSE53159,0
GSE53170,0
GSE5318,0
GSE53185,0
GSE53195,2
GSE53208,0
GSE5323,0
GSE53230,0
GSE53239,0
GSE5324,0
GSE5326,0
GSE53261,1
GSE53264,0
GSE5327,1
GSE53288,0
GSE53291,0
GSE53296,0
GSE53311,0
GSE53313,0
GSE53334,0
GSE5334,1
GSE53343,0
GSE53354,0
GSE53356,0
GSE5336,0
GSE5337,0
GSE5338,0
GSE53380,0
GSE53386,1
GSE53406,0
GSE5342,0
GSE5343,0
GSE53449,0
GSE53451,0
GSE53452,0
GSE53468,0
GSE53488,0
GSE53490,0
GSE53492,0
GSE5350,29
GSE53504,0
GSE53533,0
GSE53536,0
GSE53577,0
GSE53579,0
GSE53602,0
GSE53606,0
GSE53635,0
GSE53636,0
GSE5364,2
GSE53655,0
GSE53692,0
GSE53693,0
GSE53714,0
GSE5372,0
GSE53740,1
GSE53747,0
GSE53751,0
GSE53763,0
GSE53767,0
GSE5381,0
GSE53816,0
GSE5382,0
GSE53822,0
GSE53862,0
GSE53874,0
GSE53876,0
GSE5388,1
GSE5389,3
GSE53890,0
GSE53896,0
GSE5390,0
GSE53907,0
GSE5392,1
GSE53942,0
GSE53963,0
GSE53982,0
GSE53983,0
GSE53984,0
GSE53995,0
GSE54006,2
GSE54009,1
GSE5401,0
GSE54013,0
GSE54016,0
GSE54023,0
GSE5404,0
GSE5405,0
GSE54057,0
GSE5406,3
GSE54069,0
GSE54097,0
GSE541,0
GSE54105,0
GSE54106,1
GSE54119,0
GSE54123,0
GSE54141,0
GSE54170,0
GSE54173,0
GSE5418,0
GSE54180,0
GSE54188,0
GSE54202,0
GSE54213,0
GSE54222,0
GSE54228,0
GSE54229,0
GSE5424,0
GSE5425,0
GSE54266,0
GSE54269,1
GSE54270,0
GSE54279,0
GSE54296,0
GSE5430,0
GSE54310,0
GSE54328,0
GSE54334,0
GSE54337,0
GSE54338,0
GSE54364,0
GSE54375,0
GSE54377,0
GSE54389,0
GSE5441,1
GSE54414,0
GSE54423,0
GSE54427,0
GSE54445,0
GSE54452,0
GSE54453,0
GSE54454,0
GSE54456,1
GSE54465,0
GSE54467,0
GSE54468,0
GSE54480,0
GSE54481,0
GSE54515,0
GSE54516,1
GSE5452,0
GSE54524,0
GSE54529,3
GSE5453,0
GSE54534,0
GSE5456,1
GSE54560,0
GSE54582,0
GSE546,0
GSE5460,1
GSE5462,1
GSE54631,0
GSE54647,0
GSE54650,1
GSE54651,0
GSE54670,0
GSE5468,0
GSE54695,2
GSE54705,0
GSE54727,0
GSE5473,0
GSE54844,0
GSE54851,0
GSE54880,0
GSE54881,0
GSE54882,0
GSE54951,0
GSE54958,1
GSE5496,0
GSE54973,0
GSE55016,0
GSE55039,0
GSE55046,0
GSE55059,0
GSE5506,0
GSE55062,0
GSE55070,0
GSE55086,0
GSE5509,0
GSE55112,0
GSE55123,0
GSE55124,0
GSE55131,0
GSE55134,0
GSE55144,0
GSE55146,0
GSE55150,0
GSE55151,1
GSE5520,0
GSE5522,0
GSE55235,1
GSE55246,0
GSE55249,0
GSE5525,0
GSE55278,0
GSE5529,0
GSE55291,0
GSE5530,2
GSE55306,1
GSE55317,0
GSE55319,0
GSE55324,0
GSE55327,0
GSE55333,0
GSE5534,0
GSE55346,0
GSE55347,3
GSE5535,0
GSE55382,1
GSE55385,0
GSE55400,0
GSE55408,0
GSE55457,0
GSE55477,0
GSE55504,0
GSE55535,0
GSE55568,0
GSE5557,0
GSE5561,0
GSE55652,0
GSE55664,0
GSE55684,0
GSE55712,0
GSE55719,0
GSE55727,1
GSE55763,0
GSE5579,0
GSE5580,0
GSE5583,2
GSE55850,0
GSE55858,0
GSE55875,0
GSE55876,0
GSE55877,0
GSE55878,0
GSE55882,0
GSE55894,0
GSE55945,1
GSE55946,0
GSE5595,1
GSE55955,0
GSE56,0
GSE56011,0
GSE56022,0
GSE56024,0
GSE56040,0
GSE56046,1
GSE56047,0
GSE5606,2
GSE56076,0
GSE5608,0
GSE56086,1
GSE56099,0
GSE56105,2
GSE5612,0
GSE56133,0
GSE5615,3
GSE5616,0
GSE5617,1
GSE56177,0
GSE5620,5
GSE5621,3
GSE5622,1
GSE5623,3
GSE56239,0
GSE5624,3
GSE5625,0
GSE5626,0
GSE56262,0
GSE56269,0
GSE5627,0
GSE56274,0
GSE5628,1
GSE5629,3
GSE56297,0
GSE5630,4
GSE56301,0
GSE56305,0
GSE56307,0
GSE5631,4
GSE5632,4
GSE5633,3
GSE5634,4
GSE56347,0
GSE56357,0
GSE56358,0
GSE56360,0
GSE56371,0
GSE56393,0
GSE56395,0
GSE56396,0
GSE56399,0
GSE56457,1
GSE56491,0
GSE565,0
GSE56502,0
GSE56509,0
GSE5652,0
GSE56560,0
GSE56572,0
GSE56581,0
GSE56586,1
GSE56590,0
GSE56602,0
GSE56638,0
GSE56640,0
GSE56646,0
GSE5667,1
GSE56677,0
GSE56678,0
GSE56680,0
GSE56686,0
GSE56700,0
GSE56702,0
GSE56703,0
GSE5671,0
GSE56712,1
GSE5672,0
GSE5674,0
GSE56740,0
GSE56763,0
GSE56770,0
GSE56779,0
GSE5679,0
GSE5683,0
GSE5684,1
GSE56844,0
GSE5685,1
GSE56855,0
GSE56857,0
GSE5686,0
GSE56862,0
GSE56869,0
GSE5687,0
GSE56879,3
GSE5688,0
GSE56887,0
GSE56893,0
GSE56931,0
GSE5696,0
GSE5697,0
GSE56975,0
GSE5698,0
GSE5699,0
GSE56996,0
GSE57049,0
GSE57093,1
GSE57094,0
GSE57110,0
GSE57116,0
GSE57129,0
GSE57136,0
GSE57143,0
GSE57149,0
GSE5715,0
GSE57169,0
GSE57173,0
GSE57191,0
GSE5720,1
GSE57212,0
GSE5722,1
GSE57247,0
GSE57249,0
GSE57252,0
GSE57284,0
GSE57285,0
GSE57315,0
GSE57334,0
GSE57335,0
GSE57336,0
GSE57339,0
GSE57344,0
GSE57345,0
GSE57375,0
GSE57381,1
GSE57416,0
GSE57436,0
GSE57439,0
GSE57467,0
GSE57485,0
GSE57491,0
GSE5751,0
GSE57526,0
GSE57563,0
GSE57568,0
GSE57581,0
GSE57582,0
GSE5759,0
GSE57591,0
GSE57595,0
GSE576,0
GSE5761,0
GSE57621,0
GSE57624,0
GSE57625,0
GSE5764,0
GSE57674,0
GSE57679,0
GSE5769,0
GSE57693,0
GSE577,0
GSE5770,0
GSE57709,0
GSE57732,0
GSE5774,1
GSE57748,0
GSE57774,0
GSE57780,0
GSE57822,0
GSE57859,0
GSE57872,2
GSE57876,0
GSE5788,1
GSE57887,0
GSE5789,1
GSE57903,0
GSE5791,3
GSE57910,0
GSE57950,0
GSE57971,0
GSE57987,0
GSE58001,0
GSE58020,0
GSE58031,0
GSE58035,0
GSE58061,0
GSE5808,0
GSE58091,0
GSE58095,0
GSE58101,0
GSE58119,0
GSE58128,0
GSE58137,0
GSE5814,2
GSE58152,0
GSE58162,0
GSE5817,0
GSE58173,0
GSE58195,0
GSE58215,0
GSE5823,0
GSE58239,0
GSE58252,0
GSE58256,0
GSE58285,0
GSE58287,0
GSE58294,0
GSE58297,0
GSE5831,1
GSE58310,0
GSE58319,0
GSE58321,0
GSE58326,0
GSE58329,0
GSE58343,0
GSE58354,0
GSE58367,0
GSE58384,0
GSE58387,0
GSE5839,0
GSE58392,0
GSE5840,1
GSE58426,0
GSE58438,0
GSE58443,0
GSE5845,0
GSE58453,0
GSE5846,3
GSE58462,0
GSE5847,3
GSE58477,0
GSE58532,0
GSE58533,0
GSE58537,0
GSE58549,0
GSE58551,1
GSE58564,0
GSE58570,0
GSE58593,0
GSE5860,0
GSE58608,0
GSE5862,1
GSE58637,0
GSE58658,0
GSE58676,0
GSE58703,1
GSE58704,0
GSE58734,0
GSE58737,0
GSE58741,0
GSE58748,0
GSE5875,0
GSE58797,0
GSE58821,0
GSE58824,0
GSE58859,0
GSE58864,0
GSE58884,0
GSE58888,0
GSE58912,0
GSE58918,0
GSE5892,0
GSE58929,0
GSE5894,0
GSE58941,0
GSE58958,0
GSE58961,0
GSE58998,0
GSE5901,0
GSE59010,0
GSE59020,1
GSE59021,1
GSE59027,0
GSE59062,0
GSE59076,0
GSE5908,0
GSE59086,1
GSE59097,0
GSE59109,0
GSE59110,0
GSE59111,0
GSE59114,1
GSE59119,0
GSE59127,0
GSE59129,0
GSE5913,0
GSE59130,0
GSE5915,0
GSE59157,1
GSE5917,0
GSE59186,0
GSE59190,0
GSE5920,0
GSE59212,0
GSE59214,0
GSE59222,0
GSE59228,0
GSE5923,0
GSE5924,0
GSE5925,0
GSE59263,0
GSE59277,0
GSE59278,0
GSE5928,0
GSE5929,0
GSE593,0
GSE5931,0
GSE59316,0
GSE59352,0
GSE59390,0
GSE59396,0
GSE5940,0
GSE59401,0
GSE5941,0
GSE59412,0
GSE5943,0
GSE59469,0
GSE5947,0
GSE59486,0
GSE59487,0
GSE5949,3
GSE59510,1
GSE59511,1
GSE59543,0
GSE59552,0
GSE59553,0
GSE59554,0
GSE59555,0
GSE5956,0
GSE59561,0
GSE59573,0
GSE5959,0
GSE59592,0
GSE5961,1
GSE5962,0
GSE59633,0
GSE59636,0
GSE59685,0
GSE5969,0
GSE59717,0
GSE59739,2
GSE5974,0
GSE59748,0
GSE5975,0
GSE59765,0
GSE59779,1
GSE59785,1
GSE59787,0
GSE59802,0
GSE59825,0
GSE59836,0
GSE5986,0
GSE59867,0
GSE5987,0
GSE5988,0
GSE59880,0
GSE59896,0
GSE5990,2
GSE59910,0
GSE5995,0
GSE59968,0
GSE59978,0
GSE59980,0
GSE5999,3
GSE59990,0
GSE59992,0
GSE59993,0
GSE59997,0
GSE59998,0
GSE60,3
GSE60010,0
GSE60012,1
GSE60029,0
GSE60032,0
GSE60034,1
GSE60036,0
GSE60046,0
GSE60063,0
GSE6008,3
GSE60086,0
GSE60095,0
GSE60101,0
GSE60106,0
GSE60107,0
GSE6011,1
GSE6012,0
GSE60128,0
GSE6013,1
GSE60140,0
GSE60154,0
GSE60178,0
GSE6018,0
GSE60185,1
GSE60202,0
GSE6021,0
GSE60215,0
GSE60216,0
GSE6022,0
GSE60237,0
GSE6024,0
GSE60240,0
GSE6025,0
GSE60259,0
GSE60269,0
GSE6027,0
GSE60274,0
GSE60297,0
GSE60308,0
GSE60314,1
GSE60334,0
GSE60342,0
GSE60353,0
GSE60361,8
GSE60383,0
GSE60400,0
GSE60402,0
GSE60424,1
GSE6043,0
GSE6044,0
GSE60454,0
GSE60456,0
GSE60462,0
GSE60466,0
GSE60495,0
GSE60496,0
GSE60498,0
GSE60507,0
GSE60508,0
GSE6054,0
GSE60546,0
GSE6058,0
GSE60666,0
GSE60683,0
GSE607,0
GSE60710,0
GSE60712,0
GSE60718,0
GSE60719,0
GSE6073,1
GSE60738,0
GSE60749,1
GSE60752,0
GSE60753,1
GSE60760,0
GSE60768,1
GSE60784,0
GSE60788,0
GSE60789,0
GSE60804,0
GSE60806,0
GSE6081,0
GSE6085,0
GSE60862,2
GSE60872,0
GSE6088,0
GSE6089,0
GSE60900,0
GSE60911,0
GSE6094,0
GSE60946,0
GSE6095,0
GSE60966,0
GSE6099,7
GSE61,0
GSE61005,0
GSE61025,0
GSE61027,0
GSE61037,1
GSE61038,1
GSE61039,1
GSE61051,0
GSE61062,0
GSE61066,0
GSE61067,0
GSE61068,0
GSE61089,0
GSE6109,0
GSE61099,0
GSE61101,0
GSE61105,0
GSE61108,1
GSE6112,1
GSE61168,0
GSE6118,0
GSE61196,0
GSE61207,0
GSE61210,0
GSE61220,0
GSE61238,0
GSE61242,0
GSE61258,0
GSE61271,0
GSE61279,0
GSE6128,0
GSE6130,0
GSE61327,0
GSE61350,0
GSE6136,0
GSE61370,0
GSE61375,0
GSE61380,0
GSE61398,0
GSE6140,0
GSE61410,0
GSE61425,0
GSE61431,1
GSE61439,0
GSE61454,0
GSE61457,0
GSE61466,0
GSE61470,2
GSE61471,0
GSE61496,0
GSE6151,0
GSE61527,0
GSE6153,0
GSE61539,0
GSE61606,0
GSE61607,0
GSE61610,0
GSE61611,0
GSE6162,0
GSE61681,0
GSE61726,0
GSE61730,0
GSE61749,0
GSE61798,0
GSE61801,0
GSE61804,0
GSE61838,0
GSE61854,0
GSE6186,0
GSE61875,0
GSE61905,0
GSE61911,0
GSE61914,0
GSE61915,0
GSE6192,0
GSE61923,0
GSE61960,0
GSE61967,0
GSE61973,0
GSE61979,0
GSE620,0
GSE62003,0
GSE62024,0
GSE62037,0
GSE62046,0
GSE62052,0
GSE6207,2
GSE62102,0
GSE62112,0
GSE62136,0
GSE62145,0
GSE62159,0
GSE62185,0
GSE62190,0
GSE6222,1
GSE62221,0
GSE62225,0
GSE62226,0
GSE62246,0
GSE62270,0
GSE62305,0
GSE6236,0
GSE62362,0
GSE62366,0
GSE62390,0
GSE62408,0
GSE62435,0
GSE6244,0
GSE62455,0
GSE62488,0
GSE62492,0
GSE62496,0
GSE62497,0
GSE6252,0
GSE62525,0
GSE6253,0
GSE62551,0
GSE62560,0
GSE62564,0
GSE62594,0
GSE6262,0
GSE62631,0
GSE62640,0
GSE62643,0
GSE6269,3
GSE627,0
GSE62702,0
GSE6271,0
GSE6273,0
GSE6275,0
GSE62777,0
GSE62789,0
GSE628,0
GSE6281,0
GSE62811,0
GSE6282,0
GSE62847,0
GSE62861,0
GSE62874,0
GSE62882,0
GSE62898,0
GSE62903,0
GSE62904,0
GSE6292,0
GSE62924,0
GSE6293,0
GSE62938,0
GSE62944,2
GSE62952,0
GSE62992,0
GSE62997,0
GSE63,0
GSE63019,0
GSE63042,0
GSE63054,0
GSE63055,0
GSE6306,0
GSE63060,0
GSE63061,0
GSE63067,0
GSE63086,0
GSE63091,0
GSE6313,1
GSE63148,0
GSE63162,0
GSE6317,0
GSE63175,0
GSE6323,0
GSE63237,0
GSE6325,1
GSE63260,0
GSE63266,0
GSE63300,0
GSE63310,0
GSE63330,0
GSE63333,0
GSE63369,0
GSE63371,0
GSE63373,0
GSE6338,0
GSE63400,0
GSE63412,0
GSE6342,1
GSE6343,0
GSE6344,4
GSE63452,0
GSE63457,0
GSE63472,1
GSE63473,1
GSE63479,0
GSE63501,0
GSE63515,0
GSE63518,0
GSE63525,19
GSE63527,0
GSE63576,1
GSE636,0
GSE6360,0
GSE63606,0
GSE63617,0
GSE63622,0
GSE6364,0
GSE6366,0
GSE63684,0
GSE6369,0
GSE63694,0
GSE6370,0
GSE63703,0
GSE63729,0
GSE63736,0
GSE63753,0
GSE63769,0
GSE6377,0
GSE63770,2
GSE63773,0
GSE63774,0
GSE63786,0
GSE63788,0
GSE6380,0
GSE63806,0
GSE63824,0
GSE6385,0
GSE63879,0
GSE63881,0
GSE63887,0
GSE63889,0
GSE63911,0
GSE63930,0
GSE63947,0
GSE63954,0
GSE63970,0
GSE63979,1
GSE63980,0
GSE640,2
GSE6400,1
GSE64006,0
GSE64016,2
GSE64030,0
GSE64032,0
GSE6404,0
GSE64054,0
GSE64056,0
GSE64059,0
GSE64087,0
GSE64088,0
GSE64095,1
GSE64098,1
GSE64099,0
GSE64142,0
GSE6415,0
GSE64168,0
GSE64169,0
GSE64175,0
GSE642,0
GSE6423,0
GSE64232,0
GSE64253,0
GSE64276,0
GSE64279,0
GSE6428,0
GSE64283,0
GSE64285,0
GSE643,0
GSE64323,0
GSE64335,0
GSE6434,1
GSE64344,0
GSE64349,0
GSE64360,0
GSE64363,0
GSE64381,0
GSE64384,0
GSE64385,0
GSE64404,0
GSE64417,0
GSE6442,0
GSE64463,0
GSE64469,0
GSE6447,0
GSE6448,0
GSE64486,0
GSE64489,0
GSE64492,0
GSE64512,0
GSE64538,1
GSE64568,0
GSE64570,0
GSE64572,0
GSE64577,0
GSE64579,0
GSE64581,0
GSE64590,0
GSE646,0
GSE64600,0
GSE6462,0
GSE64624,0
GSE6465,0
GSE6467,0
GSE64708,0
GSE6472,0
GSE6474,0
GSE6475,2
GSE6476,1
GSE64767,0
GSE6477,0
GSE64775,0
GSE648,0
GSE64810,0
GSE64818,0
GSE6485,0
GSE64863,0
GSE64887,0
GSE64930,0
GSE64940,0
GSE64946,0
GSE64960,0
GSE64962,0
GSE6497,0
GSE64977,1
GSE64985,0
GSE650,0
GSE65022,0
GSE65042,0
GSE65048,0
GSE65056,0
GSE6506,3
GSE65070,0
GSE65088,0
GSE6509,0
GSE65093,0
GSE65101,0
GSE65121,0
GSE65122,0
GSE65124,0
GSE65125,0
GSE65126,0
GSE65136,0
GSE6514,1
GSE6515,1
GSE65159,0
GSE6516,0
GSE65215,0
GSE65225,0
GSE65228,0
GSE65241,0
GSE6527,0
GSE65270,0
GSE65305,0
GSE65312,0
GSE6532,20
GSE65323,0
GSE6533,0
GSE6534,0
GSE65347,0
GSE65356,0
GSE6536,9
GSE65360,0
GSE65364,0
GSE65365,0
GSE6538,0
GSE65386,0
GSE65387,0
GSE6540,0
GSE65404,0
GSE65413,0
GSE6547,0
GSE65478,0
GSE65506,0
GSE65516,0
GSE6552,0
GSE65522,0
GSE65525,5
GSE6563,0
GSE65634,0
GSE6565,0
GSE65661,0
GSE65662,0
GSE65666,0
GSE6569,0
GSE65696,0
GSE657,0
GSE6571,0
GSE6572,0
GSE65726,0
GSE6573,1
GSE6575,0
GSE65785,0
GSE65788,0
GSE65815,0
GSE6582,0
GSE65820,0
GSE6583,0
GSE65833,0
GSE6584,0
GSE65871,0
GSE65885,0
GSE65889,0
GSE65904,0
GSE65920,0
GSE65946,0
GSE65951,0
GSE6596,0
GSE65961,0
GSE65985,0
GSE65998,0
GSE65999,0
GSE66031,0
GSE66040,0
GSE6606,0
GSE6607,0
GSE6608,0
GSE66103,0
GSE66117,0
GSE66121,0
GSE6613,2
GSE66144,0
GSE66170,0
GSE66185,0
GSE662,0
GSE66202,0
GSE66209,0
GSE6621,0
GSE66230,0
GSE66257,0
GSE6626,0
GSE66260,0
GSE66274,0
GSE66285,0
GSE6631,2
GSE66332,0
GSE6635,0
GSE66357,0
GSE6640,0
GSE66408,0
GSE66448,0
GSE66458,0
GSE66459,1
GSE66497,0
GSE66505,0
GSE66511,1
GSE6653,0
GSE66537,0
GSE66550,0
GSE66573,0
GSE66590,0
GSE66592,0
GSE66614,0
GSE66622,0
GSE66626,0
GSE66628,0
GSE66630,0
GSE66636,0
GSE66648,0
GSE66649,0
GSE66652,0
GSE66708,0
GSE66733,0
GSE66742,0
GSE6675,1
GSE66750,0
GSE66755,0
GSE66756,0
GSE6682,0
GSE66821,0
GSE66827,0
GSE66861,0
GSE6688,0
GSE6689,0
GSE66899,0
GSE6690,0
GSE66956,0
GSE6696,0
GSE66961,0
GSE66982,0
GSE66991,0
GSE67006,0
GSE67023,0
GSE67039,0
GSE67040,0
GSE67041,0
GSE67066,0
GSE671,0
GSE6710,2
GSE67106,0
GSE67127,0
GSE67135,0
GSE67138,0
GSE67139,0
GSE67152,0
GSE67167,0
GSE6719,0
GSE67195,0
GSE67214,0
GSE67246,0
GSE67267,0
GSE6727,0
GSE67299,0
GSE67302,0
GSE6731,4
GSE67310,0
GSE67323,0
GSE67333,0
GSE6734,2
GSE6737,0
GSE67382,0
GSE6740,7
GSE67400,0
GSE67402,0
GSE67409,0
GSE67416,0
GSE67428,0
GSE67432,0
GSE67433,0
GSE67434,0
GSE67439,0
GSE67452,0
GSE67491,0
GSE67507,0
GSE67539,0
GSE6754,1
GSE67554,0
GSE6764,10
GSE67674,0
GSE6770,0
GSE6771,0
GSE67725,0
GSE6773,0
GSE6774,0
GSE67741,0
GSE6775,0
GSE6776,0
GSE6777,0
GSE6778,0
GSE67781,0
GSE67785,0
GSE6783,1
GSE67833,0
GSE67835,2
GSE6784,0
GSE67868,0
GSE67871,0
GSE67894,0
GSE67899,0
GSE67908,0
GSE6791,0
GSE67939,0
GSE67959,1
GSE67963,1
GSE67974,0
GSE6798,0
GSE67980,0
GSE680,0
GSE6800,0
GSE6802,1
GSE68027,0
GSE68072,0
GSE68074,0
GSE68085,0
GSE68103,0
GSE68108,0
GSE68109,0
GSE68129,0
GSE68131,0
GSE68132,0
GSE6814,0
GSE68149,0
GSE68167,0
GSE68176,0
GSE6822,0
GSE68221,0
GSE68254,0
GSE6827,0
GSE68274,0
GSE68291,0
GSE683,0
GSE68345,0
GSE6836,2
GSE6838,5
GSE6841,0
GSE6843,0
GSE68436,0
GSE68438,0
GSE6844,0
GSE6846,0
GSE68496,0
GSE68513,0
GSE68524,1
GSE68547,0
GSE68559,1
GSE6856,0
GSE6857,0
GSE68576,0
GSE6858,0
GSE68581,0
GSE68588,0
GSE686,2
GSE6863,0
GSE68638,0
GSE6864,1
GSE68641,0
GSE6865,0
GSE68651,0
GSE68671,0
GSE68698,0
GSE6872,0
GSE68744,0
GSE68762,1
GSE68775,0
GSE6878,0
GSE68792,0
GSE68798,0
GSE68809,0
GSE6881,0
GSE6882,0
GSE6883,0
GSE68839,0
GSE68869,0
GSE6887,0
GSE68872,0
GSE68907,0
GSE6891,0
GSE6893,9
GSE68980,0
GSE68981,0
GSE68983,0
GSE68992,0
GSE6901,10
GSE69021,0
GSE6903,0
GSE69053,0
GSE69059,0
GSE6907,2
GSE69073,0
GSE69077,0
GSE6908,0
GSE69125,0
GSE6916,2
GSE69168,0
GSE69182,0
GSE6919,11
GSE69241,0
GSE69270,0
GSE69303,0
GSE6932,1
GSE6933,0
GSE69336,0
GSE69340,0
GSE69343,0
GSE69347,0
GSE69389,0
GSE69400,0
GSE69405,0
GSE69419,0
GSE69426,0
GSE69439,0
GSE6944,0
GSE69469,0
GSE69471,0
GSE69472,0
GSE695,0
GSE69515,0
GSE69518,0
GSE6956,9
GSE69600,0
GSE69633,0
GSE69667,0
GSE6969,0
GSE69713,0
GSE69723,0
GSE69739,0
GSE6976,1
GSE69761,1
GSE69773,0
GSE69812,0
GSE69822,0
GSE69840,0
GSE69852,0
GSE6988,1
GSE69906,0
GSE69907,0
GSE69914,1
GSE6996,0
GSE6997,1
GSE6998,1
GSE69983,0
GSE700,0
GSE70010,0
GSE70039,0
GSE7006,0
GSE7009,0
GSE70090,0
GSE701,0
GSE70111,0
GSE70116,1
GSE7012,0
GSE70138,1
GSE7018,0
GSE70181,0
GSE70190,0
GSE70227,0
GSE7023,1
GSE70253,0
GSE70261,0
GSE70285,0
GSE7029,0
GSE703,0
GSE7033,0
GSE7034,0
GSE70366,0
GSE7037,0
GSE70378,0
GSE70390,0
GSE70408,0
GSE70440,0
GSE7045,0
GSE70482,0
GSE70485,0
GSE7055,1
GSE70580,0
GSE70635,0
GSE7064,0
GSE70656,0
GSE70670,0
GSE70671,0
GSE7069,0
GSE7071,0
GSE70727,0
GSE70756,0
GSE70764,0
GSE70807,0
GSE70831,0
GSE70836,1
GSE70837,1
GSE7084,0
GSE70844,2
GSE708744,0
GSE70885,0
GSE70886,0
GSE70936,0
GSE7094,1
GSE70973,0
GSE70992,0
GSE710,0
GSE71002,0
GSE71066,0
GSE7110,0
GSE7112,0
GSE7114,0
GSE71143,0
GSE71179,0
GSE7118,0
GSE71190,0
GSE71197,0
GSE7120,0
GSE71200,0
GSE71205,0
GSE71207,0
GSE71220,0
GSE7123,3
GSE71273,0
GSE71279,0
GSE71315,0
GSE71318,1
GSE71333,0
GSE71341,0
GSE71382,0
GSE71396,0
GSE7141,0
GSE71424,0
GSE71433,0
GSE71438,0
GSE71441,0
GSE7146,2
GSE7148,0
GSE71485,0
GSE71490,0
GSE715,1
GSE71521,0
GSE71557,0
GSE71569,0
GSE7158,0
GSE71585,3
GSE7159,0
GSE71608,0
GSE71619,0
GSE71641,0
GSE71642,0
GSE71644,0
GSE71646,0
GSE71657,0
GSE7167,0
GSE7172,0
GSE71731,0
GSE71754,0
GSE718,0
GSE7181,0
GSE71832,0
GSE71837,0
GSE71858,0
GSE71862,0
GSE71863,0
GSE7187,0
GSE71919,0
GSE71950,0
GSE7196,0
GSE71982,0
GSE7200,0
GSE72021,0
GSE72075,0
GSE72089,0
GSE72092,0
GSE72137,0
GSE72141,0
GSE7216,1
GSE72171,0
GSE72172,0
GSE72173,0
GSE72189,0
GSE72192,0
GSE72194,0
GSE72195,0
GSE7220,0
GSE72208,0
GSE72215,0
GSE72239,0
GSE7226,0
GSE72267,0
GSE72270,0
GSE72310,0
GSE7232,0
GSE72332,0
GSE7234,0
GSE72421,0
GSE7246,0
GSE72481,0
GSE72533,0
GSE72556,0
GSE7256,2
GSE72582,0
GSE72586,0
GSE726,0
GSE72622,0
GSE72631,0
GSE72642,0
GSE72643,0
GSE72650,0
GSE72680,1
GSE72681,0
GSE72690,0
GSE72691,0
GSE72706,0
GSE72746,0
GSE7276,0
GSE72773,0
GSE72775,0
GSE72777,0
GSE72802,0
GSE72816,0
GSE72822,0
GSE72833,0
GSE72857,1
GSE72860,0
GSE72867,0
GSE72880,0
GSE72884,0
GSE7290,0
GSE72931,0
GSE72932,0
GSE72944,0
GSE72962,0
GSE72967,0
GSE72996,0
GSE73008,0
GSE7302,0
GSE7303,0
GSE7305,2
GSE73065,0
GSE7307,21
GSE73072,0
GSE7310,0
GSE73103,0
GSE73104,0
GSE73117,0
GSE73122,0
GSE7313,0
GSE7314,1
GSE73142,0
GSE73143,0
GSE73210,0
GSE73211,0
GSE7325,0
GSE7326,0
GSE73271,0
GSE73275,0
GSE7329,0
GSE7332,0
GSE7333,0
GSE73363,0
GSE7342,0
GSE73420,0
GSE73421,0
GSE73423,0
GSE73434,0
GSE73492,0
GSE735084,0
GSE73549,0
GSE7357,0
GSE73614,0
GSE73628,0
GSE7363,0
GSE73633,0
GSE73638,0
GSE7364,0
GSE73668,0
GSE7367,0
GSE73687,0
GSE73688,0
GSE737,2
GSE73704,0
GSE73721,0
GSE73727,0
GSE73734,1
GSE73745,0
GSE73757,0
GSE73765,0
GSE7378,0
GSE73800,0
GSE73804,0
GSE73849,0
GSE7385,0
GSE7390,29
GSE73901,0
GSE7392,2
GSE7393,1
GSE7396,0
GSE73968,0
GSE7398,0
GSE740,1
GSE74028,0
GSE7403,0
GSE7404,0
GSE74042,0
GSE7407,0
GSE74077,0
GSE74085,0
GSE74110,0
GSE7414,1
GSE74143,0
GSE7415,0
GSE74156,0
GSE74189,0
GSE74197,0
GSE74202,0
GSE74232,0
GSE74233,0
GSE74251,0
GSE7429,0
GSE74329,0
GSE7433,0
GSE74357,1
GSE7436,0
GSE74363,0
GSE74377,1
GSE74379,1
GSE74414,0
GSE74465,0
GSE7448,4
GSE74486,0
GSE74505,0
GSE74519,0
GSE7452,0
GSE7453,0
GSE74535,0
GSE74539,0
GSE7458,0
GSE74617,0
GSE7462,0
GSE74675,0
GSE74692,0
GSE74697,0
GSE74709,1
GSE74734,0
GSE74747,0
GSE74757,1
GSE74760,0
GSE74766,0
GSE74785,0
GSE74789,0
GSE74825,0
GSE74826,1
GSE7483,0
GSE74833,0
GSE74840,0
GSE74845,0
GSE74855,0
GSE74871,0
GSE74903,0
GSE74913,0
GSE74923,0
GSE7498,0
GSE74987,0
GSE7499,0
GSE75,0
GSE75019,0
GSE7504,0
GSE75049,0
GSE75071,0
GSE7508,0
GSE751,0
GSE7511,0
GSE75161,0
GSE75183,0
GSE7523,0
GSE75270,0
GSE75292,0
GSE75303,0
GSE75346,0
GSE7535,0
GSE7540,0
GSE75413,1
GSE75426,0
GSE75462,0
GSE75463,0
GSE755,0
GSE7553,4
GSE75553,0
GSE75575,0
GSE7559,0
GSE75645,0
GSE75659,0
GSE7571,0
GSE7572,0
GSE75729,0
GSE75748,2
GSE7575,0
GSE7576,1
GSE75795,0
GSE75807,0
GSE75835,0
GSE7586,0
GSE75903,0
GSE75937,0
GSE75938,0
GSE75978,0
GSE75991,0
GSE76,0
GSE7600,0
GSE76005,1
GSE76026,0
GSE76059,0
GSE76077,0
GSE7609,0
GSE76105,0
GSE76126,0
GSE76127,0
GSE7613,0
GSE7614,0
GSE76149,0
GSE7615,0
GSE7620,0
GSE7621,7
GSE7622,0
GSE76224,0
GSE76252,0
GSE76257,0
GSE76260,0
GSE76316,0
GSE76346,0
GSE7636,1
GSE76393,0
GSE764,1
GSE7640,0
GSE7641,0
GSE7642,0
GSE7645,0
GSE76483,0
GSE765,1
GSE76501,0
GSE76544,0
GSE76560,0
GSE76570,0
GSE76577,0
GSE76583,0
GSE7660,0
GSE7661,0
GSE7664,0
GSE7665,0
GSE76651,0
GSE76668,0
GSE76670,0
GSE76688,0
GSE76692,0
GSE7670,14
GSE76707,0
GSE76760,0
GSE7677,0
GSE76772,0
GSE7678,0
GSE76806,0
GSE76807,0
GSE76808,0
GSE7682,0
GSE76829,0
GSE7683,1
GSE76849,0
GSE76869,0
GSE7688,0
GSE769,1
GSE76902,0
GSE76930,0
GSE7694,0
GSE7696,3
GSE76967,0
GSE7699,0
GSE76997,0
GSE77,0
GSE77006,0
GSE77024,0
GSE77027,0
GSE77039,0
GSE7704,0
GSE7707,0
GSE77085,0
GSE7709,0
GSE77115,0
GSE77157,0
GSE77217,0
GSE77223,0
GSE77288,0
GSE77314,0
GSE77343,0
GSE77344,0
GSE77387,0
GSE77396,0
GSE7740,0
GSE77404,0
GSE77421,0
GSE77444,0
GSE77447,0
GSE77492,0
GSE77509,0
GSE7753,0
GSE7754,1
GSE7757,0
GSE77572,0
GSE77583,0
GSE77587,0
GSE7759,2
GSE776,0
GSE7760,0
GSE7761,2
GSE7762,0
GSE7763,6
GSE77634,0
GSE77645,0
GSE7765,1
GSE77657,0
GSE77660,0
GSE77680,0
GSE77738,0
GSE77743,0
GSE77747,0
GSE77748,0
GSE77749,0
GSE7779,0
GSE77797,0
GSE7785,1
GSE779,0
GSE7792,2
GSE77926,0
GSE7794,0
GSE77970,0
GSE78011,0
GSE7803,0
GSE78031,0
GSE7805,0
GSE78057,0
GSE7808,0
GSE781,9
GSE78106,0
GSE78145,0
GSE78158,0
GSE78163,0
GSE78172,0
GSE78197,0
GSE78215,0
GSE7822,0
GSE78242,0
GSE78254,0
GSE7828,0
GSE783,0
GSE7835,0
GSE7837,0
GSE7842,0
GSE7851,0
GSE78569,0
GSE7864,0
GSE7868,1
GSE78684,0
GSE78766,0
GSE78770,0
GSE78779,1
GSE78786,0
GSE78787,0
GSE7881,0
GSE78857,0
GSE78874,0
GSE789,0
GSE78939,0
GSE7895,3
GSE7896,0
GSE78961,0
GSE7899,0
GSE79027,0
GSE79033,0
GSE7904,1
GSE7905,3
GSE79056,0
GSE79095,0
GSE791,0
GSE79102,0
GSE79119,0
GSE79136,0
GSE79151,0
GSE79255,0
GSE7929,0
GSE7930,1
GSE7931,0
GSE79331,0
GSE79337,0
GSE79342,0
GSE79365,0
GSE7947,0
GSE79507,0
GSE7951,4
GSE79520,0
GSE79526,0
GSE7955,0
GSE79559,0
GSE7956,0
GSE79565,0
GSE79595,0
GSE796,0
GSE79612,0
GSE79644,0
GSE79649,0
GSE7965,1
GSE79650,0
GSE79652,0
GSE79653,0
GSE79654,0
GSE79655,0
GSE79667,0
GSE79718,0
GSE7973,1
GSE79746,1
GSE79780,0
GSE79815,0
GSE79866,0
GSE79920,0
GSE79933,0
GSE79959,0
GSE79969,0
GSE80,2
GSE80016,0
GSE8004,1
GSE8006,1
GSE80126,1
GSE80173,0
GSE8019,0
GSE80198,0
GSE802,0
GSE8022,0
GSE80220,0
GSE8023,0
GSE8024,3
GSE80249,0
GSE8025,0
GSE80258,0
GSE80272,0
GSE8028,0
GSE80283,0
GSE80287,0
GSE80298,0
GSE803,2
GSE80310,0
GSE80321,0
GSE80323,0
GSE8034,0
GSE80353,0
GSE80376,0
GSE80378,0
GSE80386,0
GSE80391,1
GSE80409,0
GSE80417,0
GSE80434,0
GSE8047,0
GSE8051,1
GSE8052,1
GSE8054,0
GSE8055,0
GSE80551,0
GSE8056,0
GSE8057,0
GSE8059,0
GSE80605,0
GSE80611,0
GSE80635,0
GSE80655,0
GSE80674,0
GSE80702,0
GSE80713,0
GSE80728,0
GSE80761,0
GSE8081,0
GSE80811,0
GSE80821,0
GSE80831,0
GSE8084,0
GSE8086,0
GSE8091,2
GSE8093,0
GSE8099,0
GSE8100,0
GSE81026,0
GSE8104,0
GSE81046,0
GSE8107,1
GSE8108,0
GSE81082,0
GSE8109,0
GSE81093,0
GSE81097,0
GSE8110,0
GSE8111,0
GSE81112,0
GSE8112,0
GSE8115,0
GSE81165,0
GSE8121,0
GSE81234,0
GSE81250,0
GSE8126,1
GSE8128,0
GSE81283,0
GSE81370,0
GSE81401,0
GSE8142,0
GSE81438,0
GSE8146,0
GSE81490,0
GSE81503,0
GSE8159,0
GSE81593,0
GSE8160,1
GSE81634,0
GSE81662,0
GSE81671,0
GSE8170,0
GSE81702,0
GSE81729,0
GSE81785,0
GSE81830,0
GSE81836,0
GSE8184,0
GSE81858,0
GSE8187,0
GSE81879,0
GSE8190,0
GSE8191,2
GSE81965,0
GSE81969,0
GSE82121,0
GSE82128,0
GSE82204,0
GSE82206,0
GSE82220,0
GSE82277,0
GSE82294,0
GSE8231,0
GSE82336,0
GSE8251,0
GSE8252,0
GSE8290,0
GSE8291,0
GSE8292,3
GSE8293,0
GSE8295,1
GSE8302,0
GSE83083,0
GSE8311,0
GSE8317,0
GSE83195,0
GSE8323,0
GSE83248,0
GSE8325,0
GSE83278,0
GSE833,0
GSE8332,1
GSE8335,0
GSE8336,0
GSE83384,0
GSE83395,0
GSE83405,0
GSE83409,0
GSE83410,0
GSE83420,0
GSE83426,0
GSE83429,0
GSE83431,0
GSE83432,0
GSE83451,0
GSE8349,1
GSE83493,0
GSE83616,0
GSE83621,0
GSE83622,0
GSE83646,0
GSE8365,2
GSE83768,0
GSE8377,0
GSE83780,0
GSE838,0
GSE83827,0
GSE83860,0
GSE83891,0
GSE83901,0
GSE83909,0
GSE83931,0
GSE83935,0
GSE8394,0
GSE83953,0
GSE8396,1
GSE8397,2
GSE83971,0
GSE84002,0
GSE8401,3
GSE8402,0
GSE84034,0
GSE84052,0
GSE8407,0
GSE84092,0
GSE84093,0
GSE84094,0
GSE84095,0
GSE84099,0
GSE84112,0
GSE84115,0
GSE84172,0
GSE8425,1
GSE8426,0
GSE84290,0
GSE84301,0
GSE84309,0
GSE8432,0
GSE84381,0
GSE8441,0
GSE84410,0
GSE84422,0
GSE8445,0
GSE84460,0
GSE84461,0
GSE8447,0
GSE8448,0
GSE8449,0
GSE84579,0
GSE84604,0
GSE8462,0
GSE8463,1
GSE84681,0
GSE84697,0
GSE847065,0
GSE847072,0
GSE84727,0
GSE84788,0
GSE84798,0
GSE848,0
GSE8481,0
GSE8483,0
GSE84830,0
GSE8489,0
GSE849,0
GSE84972,0
GSE84989,0
GSE85,0
GSE8501,2
GSE8503,1
GSE85033,0
GSE85035,0
GSE8507,0
GSE8510,0
GSE85108,0
GSE8511,0
GSE85110,0
GSE85122,0
GSE8514,1
GSE85146,0
GSE8516,0
GSE85183,0
GSE85187,0
GSE85203,0
GSE85219,0
GSE8524,0
GSE85252,0
GSE85261,0
GSE8528,0
GSE85282,0
GSE8531,0
GSE85323,0
GSE85358,0
GSE8536,0
GSE8538,0
GSE854,0
GSE85518,0
GSE85534,0
GSE85540,0
GSE8555,1
GSE85551,0
GSE85564,0
GSE85763,0
GSE85771,0
GSE8581,0
GSE8586,1
GSE85917,0
GSE8595,0
GSE8596,0
GSE8597,2
GSE85975,0
GSE86,0
GSE86063,0
GSE8607,0
GSE8608,0
GSE8612,0
GSE86129,0
GSE8617,0
GSE8621,0
GSE86240,0
GSE86243,0
GSE8625,0
GSE8631,0
GSE86315,0
GSE86323,0
GSE86337,0
GSE86357,0
GSE86362,0
GSE86363,0
GSE86368,0
GSE86370,0
GSE8640,0
GSE86441,0
GSE86446,0
GSE8648,0
GSE8650,0
GSE86532,0
GSE8660,0
GSE86604,0
GSE8668,1
GSE8671,12
GSE86747,0
GSE8676,0
GSE86811,0
GSE86833,0
GSE86865,0
GSE8692,0
GSE86935,0
GSE86989,0
GSE8700,0
GSE87031,0
GSE87072,0
GSE87133,0
GSE87134,0
GSE87157,0
GSE8723,0
GSE87238,0
GSE87291,0
GSE87299,0
GSE87328,0
GSE8734,0
GSE87346,0
GSE87350,0
GSE87415,0
GSE8746,0
GSE8748,0
GSE8750,0
GSE87526,0
GSE8753,0
GSE8757,2
GSE8759,1
GSE8762,4
GSE87818,0
GSE8783,0
GSE87849,0
GSE8788,0
GSE87899,0
GSE8791,0
GSE8799,2
GSE8826,0
GSE8829,0
GSE8831,0
GSE8832,0
GSE8835,2
GSE8843,0
GSE8849,0
GSE88557,0
GSE8857,0
GSE8866,0
GSE88729,0
GSE8880,0
GSE8884,2
GSE88850,0
GSE88870,0
GSE8891,0
GSE8894,2
GSE89016,0
GSE89021,0
GSE89022,0
GSE8909,0
GSE8910,0
GSE89172,0
GSE8919,1
GSE89213,0
GSE89275,1
GSE8934,0
GSE89345,0
GSE89346,0
GSE89358,0
GSE89441,0
GSE8945,1
GSE8951,0
GSE89601,0
GSE8961,0
GSE89684,0
GSE8974,0
GSE8977,1
GSE89850,0
GSE8987,0
GSE8988,1
GSE89899,0
GSE89913,0
GSE8992,0
GSE8994,1
GSE90058,0
GSE9006,5
GSE90112,0
GSE9012,0
GSE90135,0
GSE9025,0
GSE90479,0
GSE90484,0
GSE9052,0
GSE9055,1
GSE907,0
GSE90843,0
GSE9086,0
GSE90880,0
GSE90887,0
GSE9089,0
GSE90898,0
GSE90899,0
GSE9090,0
GSE9091,0
GSE90980,0
GSE90998,0
GSE9101,0
GSE9103,0
GSE91048,0
GSE9106,0
GSE91064,0
GSE91068,0
GSE9108,0
GSE91088,0
GSE911,0
GSE9120,0
GSE9121,0
GSE9128,0
GSE9137,0
GSE9138,3
GSE9156,0
GSE9157,0
GSE9164,0
GSE9166,0
GSE9171,0
GSE9178,0
GSE918,0
GSE9195,1
GSE9196,1
GSE920,0
GSE9214,0
GSE9215,0
GSE92309,0
GSE92329,0
GSE9234,0
GSE92382,0
GSE92398,0
GSE9247,0
GSE92486,0
GSE92489,0
GSE92495,0
GSE9254,2
GSE92568,0
GSE9259,0
GSE92591,0
GSE926,2
GSE92620,0
GSE92632,0
GSE92733,0
GSE928,0
GSE9285,1
GSE92854,0
GSE92871,0
GSE92872,0
GSE92882,0
GSE92884,0
GSE9290,0
GSE9291,1
GSE92915,0
GSE92928,0
GSE92931,0
GSE9301,0
GSE93015,0
GSE93019,0
GSE9307,0
GSE93128,0
GSE93133,0
GSE9328,0
GSE93280,0
GSE93299,0
GSE9330,0
GSE9333,0
GSE93399,0
GSE93402,0
GSE93403,0
GSE93406,0
GSE9342,0
GSE9343,0
GSE9344,0
GSE9348,5
GSE93563,0
GSE93565,0
GSE93686,0
GSE93694,0
GSE9371,0
GSE9372,2
GSE9374,1
GSE9376,3
GSE93773,0
GSE9385,3
GSE9386,0
GSE93875,0
GSE9389,0
GSE93890,0
GSE93916,0
GSE93957,0
GSE93968,0
GSE93975,0
GSE94,0
GSE9400,1
GSE94005,0
GSE94014,0
GSE94030,0
GSE94034,0
GSE94105,0
GSE94140,0
GSE9415,0
GSE9416,1
GSE9419,1
GSE94251,0
GSE94252,0
GSE94291,0
GSE94298,0
GSE94346,0
GSE94361,0
GSE94386,0
GSE94387,0
GSE94388,0
GSE9440,0
GSE94403,0
GSE94404,0
GSE9441,0
GSE9443,0
GSE9444,1
GSE94459,0
GSE9448,0
GSE9449,0
GSE9451,0
GSE9452,0
GSE9457,0
GSE9463,0
GSE9465,0
GSE94692,0
GSE9471,0
GSE94712,0
GSE94726,0
GSE94739,0
GSE9476,8
GSE94766,0
GSE94804,0
GSE94829,0
GSE9485,1
GSE94855,0
GSE94866,0
GSE94883,0
GSE9493,1
GSE94950,0
GSE94984,0
GSE9499,0
GSE95036,0
GSE95050,0
GSE95051,0
GSE95175,0
GSE95217,0
GSE9522,0
GSE9533,0
GSE95378,0
GSE95424,0
GSE9545,2
GSE95535,0
GSE9563,0
GSE9566,5
GSE9568,0
GSE95717,0
GSE9572,0
GSE95722,0
GSE9574,2
GSE95747,0
GSE95757,0
GSE9588,1
GSE9589,0
GSE959,0
GSE9593,1
GSE9599,0
GSE96,4
GSE9623,1
GSE9633,2
GSE9635,0
GSE9644,0
GSE9646,0
GSE9649,0
GSE96558,0
GSE9659,0
GSE96662,0
GSE9668,0
GSE9669,0
GSE967,0
GSE9673,0
GSE9675,0
GSE9676,0
GSE96800,0
GSE96814,0
GSE96834,0
GSE96848,0
GSE96873,0
GSE96896,0
GSE96909,0
GSE96916,0
GSE9692,0
GSE96990,0
GSE97,0
GSE97009,0
GSE9704,0
GSE97086,0
GSE9710,0
GSE9716,0
GSE97262,0
GSE97273,0
GSE9728,0
GSE973,0
GSE9730,0
GSE9738,0
GSE974,4
GSE97438,0
GSE9746,0
GSE97471,0
GSE97497,0
GSE97498,0
GSE975,0
GSE9750,3
GSE9751,0
GSE9760,0
GSE9763,0
GSE97725,0
GSE9776,1
GSE97816,0
GSE9782,1
GSE9784,1
GSE97858,0
GSE97889,0
GSE9801,0
GSE9803,0
GSE9804,0
GSE9809,0
GSE9810,1
GSE9811,0
GSE9812,0
GSE9819,2
GSE9820,0
GSE98221,0
GSE98232,0
GSE98233,0
GSE98243,0
GSE9825,0
GSE98286,0
GSE9829,0
GSE9831,0
GSE9832,0
GSE98408,0
GSE9843,1
GSE9844,0
GSE98524,0
GSE98562,0
GSE98572,0
GSE9865,0
GSE98657,0
GSE9867,0
GSE9873,0
GSE9874,0
GSE98766,0
GSE9877,1
GSE988,0
GSE98861,0
GSE9887,0
GSE989,1
GSE9891,12
GSE98928,0
GSE98935,0
GSE9899,3
GSE9902,0
GSE99059,0
GSE99099,0
GSE99207,0
GSE9925,0
GSE9927,3
GSE9929,0
GSE99344,0
GSE9936,3
GSE99396,0
GSE994,4
GSE9940,2
GSE99427,0
GSE99464,0
GSE9949,1
GSE995,0
GSE9951,0
GSE9954,5
GSE9955,0
GSE9959,0
GSE99615,0
GSE99616,0
GSE9963,0
GSE9968,0
GSE9984,0
GSE9988,0
GSE9992,1
GSE99936,0
GSE99938,0
GSE99947,0
GSL000000,0
GSL07,0
GSL08,0
GSL1,6
GSL10,1
GSL12,0
GSL2,2
GSL2005,0
GSL3,2
GSL4,0
GSL5,5
GSL6,0
GSL7,2
GSL8,0
GSS1,7
